STRUCTURE_SMILES,ActivityOutcome_CPDBAS_Rat
[Na+].[O-]C1=C(C=CC=C1)C2=CC=CC=C2,carcinogenic
N(CC(F)(F)F)(CC)N=O,carcinogenic
N#CN(CC)N=O,carcinogenic
N#CN(C)N=O,carcinogenic
N=C(N)NC1=NC(CSCCNC2=NSN=C2N)=CS1,carcinogenic
N=C(N(CCC)N=O)N[N+](=O)[O-],carcinogenic
N=C(C2=CC=C(N(C)C)C=C2)C1=CC=C(N(C)C)C=C1.[H]Cl,carcinogenic
N(N1CCCCC1C2=CC=CN=C2)=O,carcinogenic
N(CCCCO)(CCCC)N=O,carcinogenic
N(CCCCCCCCCC)(C)N=O,carcinogenic
N/C1=N/C(=O)N(/C=N1)[C@@H]2O[C@H](CO)[C@@H](O)[C@H]2O,carcinogenic
NC1=C(C=CC=C1)C(=O)OC/C=C/C2=CC=CC=C2,carcinogenic
N[C@@H](CCSCC)C(=O)O,carcinogenic
CN(C)CCN(CC2=CC=CS2)C1=NC=CC=C1.Cl,carcinogenic
N1C=CC=C(C=1)C2N(N=O)CCC2,carcinogenic
C1CO1,carcinogenic
NC(=O)C=C,carcinogenic
CNNCC1=CC=C(C=C1)C(=O)NC(C)C,carcinogenic
N1C2=C(C3=C1C=CC=C3)C(=NC(=C2)N)C.CC(=O)O,carcinogenic
N1=C(N=C(N(CO)CO)N=C1N(CO)CO)N(CO)CO,carcinogenic
N1/C(=N\C2=C(C1=S)N=CN2[C@]3(C([C@@]([C@](O3)(CO)[H])(O)[H])([H])[H])[H])N,carcinogenic
N1(C(=CN=C1C)[N+](=O)[O-])CCO,carcinogenic
S=C(N1CCOCC1)SN1CCOCC1,carcinogenic
OC1=C(C=C(C=C1Cl)Cl)Cl,carcinogenic
N12C3=C(C=CC(=N3)N)N=C1C=CC=C2,carcinogenic
N(CCCC(F)(F)F)(CCCC(F)(F)F)N=O,carcinogenic
F/C(F)=C(\F)F,carcinogenic
F[C@@]([C@](C=C4)(C)C3=CC4=O)2[C@@H](O)C[C@]([C@](C5)([H])[C@@]([H])2CC3)(C)[C@@]1([C@](CO)=O)[C@@H]5OC(C)(C)O1,carcinogenic
CP(=O)(OC)OC,carcinogenic
FCCl,carcinogenic
CC(NC1=CC=C(C2=CC=C(F)C=C2)C=C1)=O,carcinogenic
FC(F)(F)CNC(=N)Nc1ccn(CCCCC(N)=O)n1,carcinogenic
COC1=C2C(=CC3=C1OC=C3)C=CC(=O)O2,carcinogenic
NCC1(CC(=O)O)CCCCC1,carcinogenic
[O-]C(C)=O.[O-]C(C)=O.[Pb+2].[OH-].[OH-].[Pb+2].[OH-].[OH-].[Pb+2],carcinogenic
COC2=CC=C(C=C2)CN(CCN(C)C)C1=NC=CC=C1.OC(\C=C/C(O)=O)=O,carcinogenic
O=C1OC(O)C(C(Cl)Cl)=C1Cl,carcinogenic
COC1=CC=C(C=C1)O,carcinogenic
N(CC(CO)O)(CC(O)C)N=O,carcinogenic
N(CC(CO)O)(C)N=O,carcinogenic
N(CC(C)O)(CCO)N=O,carcinogenic
N(CC=C)(CCO)N=O,carcinogenic
O=C(C1=CC=CN=C1)CCCN(N=O)C,carcinogenic
N(CC(CO)O)(CC=C)N=O,carcinogenic
N(C1C=CC(=CC=1)N=O)C2=CC=CC=C2,carcinogenic
N(C(=O)NCC(C)O)(N=O)C(C)Cl,carcinogenic
O=C(NC2=C1C=C(C3=NNC(CC3)=O)C=C2)C1(C)C,carcinogenic
N(CC(C)O)(CC=C)N=O,carcinogenic
O=C(N(CCF)N=O)N,carcinogenic
N(CC(=O)[O-])(CC(=O)[O-])CC(=O)[O-].[Na+].[Na+].[Na+].O,carcinogenic
NC1=NC(C3=C(N=CC=C3)C=C2)=C2N1C,carcinogenic
NC1=NC(C2=CC=C([N+]([O-])=O)O2)=CS1,carcinogenic
C(CCC)(CCC)C(=O)[O-].C(CCC)(CCC)C(=O)[O-].[Ca+2],carcinogenic
NC2=CC=C(C=C2N)C1=CC=C(N)C(N)=C1.Cl.Cl.Cl.Cl,carcinogenic
NC1=NN=C(C2=CC=C([N+]([O-])=O)O2)S1,carcinogenic
NC1=NC(C3=C(N=CC=C3)C=C2)=C2N1C.[H]Cl,carcinogenic
O=C(N(CCCCC)N=O)N,carcinogenic
NC1=CC=C(C2=CC=C(N)C=C2)C=C1,carcinogenic
NC1=CC=C(C2=CC=C(N)C(OC)=C2)C=C1OC.Cl.Cl,carcinogenic
NC1=NC(=NC(=N1)N)N,carcinogenic
NC1=NC(=NC(=N1)C2=CC=C(O2)[N+]([O-])=O)N,carcinogenic
NC1=CC=CC=C1[H]Cl,carcinogenic
NC1=C5C(C=C(S(=O)([O-])=O)C(/N=N/C6=CC=CC=C6)=C5O)=CC(S(=O)([O-])=O)=C1/N=N/C2=CC=C(C3=CC=C(/N=N/C4=C(N)C=C(N)C=C4)C=C3)C=C2.[Na+].[Na+],carcinogenic
O(C)c1cc(CC=C)ccc1OC,carcinogenic
C1CCC[C@H](N1N=O)C,carcinogenic
N(CC(CO)O)(CC(C)=O)N=O,carcinogenic
OC1=C(C=CC(=C1)/C=C/C(=O)O)O,carcinogenic
CC(CC)[N+]([O-])=O,carcinogenic
CC(=O)N(O)C1=CC2=C(C=C1)C3=CC=CC=C3C2,carcinogenic
COC1=C(C=CC=C1)[N+](=O)[O-],carcinogenic
NCC(O)=O,carcinogenic
O.O.O.O.[Co+2].O.O.O.[O-]S([O-])(=O)=O,carcinogenic
C=CC1=CC=CC=C1,carcinogenic
NNC1=NC(=CS1)C2=CC=C(O2)[N+]([O-])=O,carcinogenic
NC1=CC=C(C=C1)OC2=CC=C(C=C2)N,carcinogenic
NC(C=C(C=C1)N)=C1OC.O=S(O)(O)=O,carcinogenic
OC1=C(C(=C(C(=C1Cl)Cl)Cl)Cl)Cl,carcinogenic
NC(=S)N,carcinogenic
BrC2=C(C=C(Br)C(Br)=C2)C1=C(Br)C=C(Br)C(Br)=C1,carcinogenic
NC1(=C(C=CC(=C1)N)C).[H]Cl.[H]Cl,carcinogenic
O=NN(CCO)CCO,carcinogenic
O=C(O[C@H](C)C2)C1=C2C(Cl)=CC(C(N[C@@H](CC3=CC=CC=C3)[C@@](O)=O)=O)=C1O,carcinogenic
CC(O)CN(C)N=O,carcinogenic
O=S(C1=C3C(C=CC=C3)=C(O)C(/N=N/C2=CC(S(=O)([O-])=O)=C(C)C=C2C)=C1)([O-])=O.[Na+].[Na+],carcinogenic
NC(=O)OC,carcinogenic
NC(=O)N(CC=C)N=O,carcinogenic
NC(=O)N(CC)N=O,carcinogenic
[O-][N+](C=C2)=CC=C2/N=N/C1=CC=C(N(CC)CC)C=C1,carcinogenic
C1=CC=CC(=C1)CCN(C)N=O,carcinogenic
NC1=CC(=CC=C1OC)C,carcinogenic
C1(N=C(SC=1)NN)C2=CC=C(C=C2)N,carcinogenic
BrC(CCl)CBr,carcinogenic
NC1=CC=C(/N=N/C2=CC=CC=C2)C(N)=N1.Cl,carcinogenic
NC1=C(C=CC(=C1)Cl)N,carcinogenic
NC1=C(C=C2C3=C(C=CC=C3)OC2=C1)OC,carcinogenic
CC1=CC(=C(C=C1C)N)C,carcinogenic
NC1=C2C(=CC=C1)C(=CC=C2)N,carcinogenic
C1=CC=CC=C1C(O)C(N(C)N=O)C,carcinogenic
NC1=C(C=CC(=C1)N)Cl,carcinogenic
NC1=CC2=C(C=CC=C2)C=C1,carcinogenic
N1(=C2C(=CC(=C1)C3=CC=CC=C3)N(C(=N2)N)C).[H]Cl,carcinogenic
CC1=CC=CC(C)=C1,carcinogenic
CN(CC(C)=O)N=O,carcinogenic
ClC(Cl)C(F)(F)F,carcinogenic
BrCCBr,carcinogenic
C1(=C(C=CC(=C1)N(CCO)CCO)NC)[N+]([O-])=O,carcinogenic
C[As](=O)(C)O,carcinogenic
Cl\C=C\CCl,carcinogenic
Cl\C(Cl)=C(Cl)/C(Cl)=C(Cl)\Cl,carcinogenic
C(O)(=O)[O-].[K+],carcinogenic
ClC(=CCl)Cl,carcinogenic
ClC(=C(Cl)Cl)Cl,carcinogenic
[O-][N+](C2=CC=C(O2)C1=CSC(NN(C)C)=N1)=O,carcinogenic
ClC1=C(C(=C(C(=C1OC)Cl)Cl)Cl)Cl,carcinogenic
ClC1=C(C(=C(C(=C1Cl)Cl)Cl)Cl)Cl,carcinogenic
O=P(H)(OC)OC,carcinogenic
ClC1=C(C=CC(=C1)CC2=CC(=C(C=C2)N)Cl)N,carcinogenic
ClC1=C(C=CC(=C1)C2=CC(=C(C=C2)N)Cl)N,carcinogenic
ClC#CCl,carcinogenic
NC1=CC=C2C3=C(C=CC=C3)OC2=C1,carcinogenic
ClC(Cl)Cl,carcinogenic
P(=O)(OC)(OC)N1CCOCC1,carcinogenic
ClC1=C(C(=C(C(=C1C#N)Cl)Cl)Cl)C#N,carcinogenic
C=CBr,carcinogenic
NC1=CC(S(=O)([O-])=O)=CC2=C1C(O[Cu]OC4=C(C=CC(C5=CC(O[Cu]OC7=C(C(S(=O)([O-])=O)=CC8=C7C(N)=CC(S(=O)([O-])=O)=C8)\N=N6)=C/6C=C5)=C4)\N=N3)=C/3C(S(=O)([O-])=O)=C2.[Na+].[Na+].[Na+].[Na+],carcinogenic
C\C(C)=C/Cl,carcinogenic
N(C(=O)N)(N=O)CC(=O)O,carcinogenic
CC(=O)N,carcinogenic
CCC1CO1,carcinogenic
CCC1=CC=CC=C1,carcinogenic
O=C(C1=CC=C(C=C1)N(C)C)C2=CC=C(C=C2)N(C)C,carcinogenic
CC1=NC=CN1,carcinogenic
ClC(Cl)(Cl)Cl,carcinogenic
CC1=CC=CC=C1,carcinogenic
CC1SC(SC(N1N=O)C)C,carcinogenic
CC1CO1,carcinogenic
CC1CC(=O)O1,carcinogenic
CCO,carcinogenic
CCN1(C2C(=CC=CC=2)C3=C1C=CC(=C3)N).[H]Cl,carcinogenic
CCN(CC)N=O,carcinogenic
Cl[C@@H]1[C@H](Cl)[C@@H](Cl)[C@@H](Cl)[C@H](Cl)[C@H]1Cl,carcinogenic
O=S(=O)([O-])[O-].[Cd+2],carcinogenic
Cl.Cl.Cl.Cc1ccc(cn1)C\C2=C\N/C(=N\C2=O)NCCSCc3ccc(CN(C)C)o3,carcinogenic
C=C(Cl)C=C,carcinogenic
CCCC1=CC2=C(C=C1COCCOCCOCCCC)OCO2,carcinogenic
CCCC1=CC2=C(C=C1)OCO2,carcinogenic
CCN1(C2C(=CC=CC=2)C3=C1C=CC(=C3)N),carcinogenic
C1(CCN(C1)N=O)O,carcinogenic
CCCCOP(=O)(OCCCC)OCCCC,carcinogenic
O=S(=O)(C1=CC=C(C=C1)N)C2=CC=C(C=C2)N,carcinogenic
CN(C)C2=CC=C(C=C2)CC1=CC=C(N(C)C)C=C1,carcinogenic
CN(C)/N=N/C1=CC=CC=C1,carcinogenic
CN(C1=CC=C(C=C1)/N=N/C2=CC=CC=C2)C,carcinogenic
CN(C1=CC=C(C=C1)/N=N/C2=CC(=CC=C2)C)C,carcinogenic
CN(C)P(=O)(N(C)C)N(C)C,carcinogenic
N(CCCCCCCCCCCCCC)(C)N=O,carcinogenic
ClCCN(CCCl)[P]1(=O)NCCCO1,carcinogenic
C12=C3C(C4=C(C(O3)=O)C(=O)CC4)=C(C=C1OC5C2C=CO5)OC,carcinogenic
CN(C(=O)N)N=O,carcinogenic
ClCOC,carcinogenic
ClCCN[P]1(=O)OCCCN1CCCl,carcinogenic
CN1C2=C(C3=NC(=CN=C3C=C2)C)N=C1N,carcinogenic
CN1C2=C(C(OC)=CC3=C2C=CC(O3)(C)C)C(C4=C1C=CC=C4)=O,carcinogenic
O=NN(CCN1N=O)CCC1,carcinogenic
N1C2=C(N3C=1/C(=C\C=C/3)C)N=C(C=C2)N,carcinogenic
O=[N+](C1=CC=C2C3=C1C=CC=C3CC2)[O-],carcinogenic
CN1N(C2=CC=CC=C2)C(=O)C=C1C,carcinogenic
ClC(C(Cl)(Cl)Cl)(Cl)Cl,carcinogenic
O=S(C1=C(/N=N/C2=CC=C(C3=CC=C(\N=N/C4=C(S(=O)([O-])=O)C=C5C(C(N)=CC(S(=O)([O-])=O)=C5)=C4O)C=C3)C=C2)C(O)=C(C(N)=CC(S(=O)([O-])=O)=C6)C6=C1)([O-])=O.[Na+].[Na+].[Na+].[Na+],carcinogenic
CN(C1=CC=CC=C1)C,carcinogenic
CN(N=O)C,carcinogenic
CN(CCO)N=O,carcinogenic
CN(CC)N=O,carcinogenic
CN(N=O)C(=O)NCCC[C@H](N)C(O)=O,carcinogenic
ClC1=NC(=NC(=N1)NC(C)C)NCC,carcinogenic
ClC1=CC2=C(C=C1Cl)OC3=C(C=C(C(=C3)Cl)Cl)O2,carcinogenic
ClC1=CC=CC=C1,carcinogenic
ClC13C5(Cl)C2(Cl)C4C(Cl)(C(Cl)(Cl)C12Cl)C3(Cl)C4(Cl)C5(Cl)Cl,carcinogenic
ClC1=NC(SCC(NCCO)=O)=NC(NC2=CC=CC(C)=C2C)=C1,carcinogenic
CN(N=O)C1=CC=C(C=C1)C=CC2=C3C=CC=CC3=NC=C2,carcinogenic
CC(=C)C=C,carcinogenic
ClC1=C(Cl)C(Cl)=CC2=C1OC3=C(C=C(Cl)C(Cl)=C3Cl)O2,carcinogenic
O=C1C2=C(C=C3C(=C2OC4=CC=CC(=C14)O)C5C(O3)OC=C5)OC,carcinogenic
ClC1=CC=CC(C2=CC(Cl)=CC=C2)=C1,carcinogenic
CC(C)(C)O,carcinogenic
ClC1=CC(C2=CC(Cl)=CC(Cl)=C2)=CC=C1,carcinogenic
ClCC(Cl)CCl,carcinogenic
O=C(C[C@@H]([C@@](O)=O)CC(O)=O)O[C@H]([C@@H](C)CCCC)[C@@H](C[C@H](C)C[C@@H](O)CCCC[C@@H](O)C[C@H](O)[C@@H](N)C)OC(C[C@@H]([C@@](O)=O)CC(O)=O)=O,carcinogenic
ClC54C(=O)C1(Cl)C2(Cl)C5(Cl)C3(Cl)C4(Cl)C1(Cl)C2(Cl)C3(Cl)Cl,carcinogenic
ClCCl,carcinogenic
ClCC1CO1,carcinogenic
N1C=NN(C=1)CC(CN2N=CN=C2)(C3=C(C=C(C=C3)F)F)O,carcinogenic
ClC2=C(C=CC(Cl)=C2Cl)C1=C(Cl)C(Cl)=CC=C1,carcinogenic
ClC2=C(C=CC(Cl)=C2Cl)C1=C(Cl)C(Cl)=C(Cl)C=C1,carcinogenic
Clc1nc(NCC)nc(NC(C)(C)C#N)n1,carcinogenic
ClC53C1(Cl)C4(Cl)C2(Cl)C1(Cl)C(Cl)(Cl)C5(Cl)C2(Cl)C3(Cl)C4(Cl)Cl,carcinogenic
N1(CC(N(C(C1)C)C(C2C=CC=CC=2)=O)C)N=O,carcinogenic
ClC2=C(C=CC=C2Cl)C1=C(Cl)C=C(Cl)C=C1,carcinogenic
SC1=NC2=C(C=CC=C2)S1,carcinogenic
CN(C)CNc2nnc(/C=C/c1ccc(o1)[N+]([O-])=O)o2,carcinogenic
O=S(=O)(C1=CC=C(C=C1)/C(=C2\C=C/C(=[N+](/CC3=CC(=CC=C3)S(=O)(=O)[O-])CC)C=C2)C4=CC=C(C=C4)N(CC5=CC(=CC=C5)S(=O)(=O)[O-])CC)[O-].[Na+].[Na+],carcinogenic
O=P(OCCCl)(OCCCl)OCCCl,carcinogenic
O=S(C1=NC2=C(C=CC(=C2)OC)N1)CC3=C(C(=C(C=N3)C)OC)C,carcinogenic
O=[N+](C1=CC(=C(C=C1)N)O)[O-],carcinogenic
CN(C1=CC=CC=C1)N=O,carcinogenic
C1=COC=C1,carcinogenic
O=P(OC(CCl)CCl)(OC(CCl)CCl)OC(CCl)CCl,carcinogenic
O=P(N1C(C1)C)(N1C(C1)C)N1C(C1)C,carcinogenic
C1(=CC(=CC(=C1N)C)C)C.[H]Cl,carcinogenic
O=P(OCC(CBr)Br)([O-])OCC(CBr)Br.O=P(OCC(CBr)Br)([O-])OCC(CBr)Br.[Mg+2],carcinogenic
O=P(OC=C(Cl)Cl)(OC)OC,carcinogenic
O=C1OC(C2=C1C=CC=C2)(C3=CC=C(C=C3)O)C4=CC=C(C=C4)O,carcinogenic
OC([C@H](CC1=CC=C(N(CCCl)CCCl)C=C1)N)=O,carcinogenic
O=NN(CCCCCC1)CCCCCC1,carcinogenic
O=[N+](C1=CC=CC2=CC=CN=C12)[O-],carcinogenic
OC1=C(C=CC=C1OC)O,carcinogenic
ClC1=CC=C(C=C1)Cl,carcinogenic
O=S1(=O)CCCO1,carcinogenic
ClCCN(C1=CC=C(C=C1)CCCC(=O)O)CCCl,carcinogenic
O=S(N1C[C@@H](C)C[C@H](C1)C)(C2=CC(C(O)=O)=C(Cl)C=C2)=O,carcinogenic
C1(N(C(C)=NC=1)C)[N+](=O)[O-],carcinogenic
O1C(=NN=C1C2OC(=CC=2)[N+](=O)[O-])N,carcinogenic
CC(COC1=CC=C(C=C1)C(C)(C)C)OS(=O)OCCCl,carcinogenic
CC(=O)NC1=CC=C(C=C1)OCC,carcinogenic
O=C(O[C@@H]1CCN2[C@@]([H])1C3=CC2)\C(C[C@@H](C)[C@](O)(CO)C(OC3)=O)=C([H])/C,carcinogenic
O=NN(C)CCCCCCCCCCCC,carcinogenic
O=NN(C(=O)N)CCC,carcinogenic
O=NN(CC=C1)CC1,carcinogenic
O=NN(CC(C)O)CC(C)O,carcinogenic
OC1=CC=C(C=C1)O,carcinogenic
O=C(C)NCC1=NC(=NO1)C2=CC=C(O2)[N+]([O-])=O,carcinogenic
NC1=CC=CC(C)=C1.[H]Cl,carcinogenic
O=C4C=C2[C@@](CC4)([H])[C@]1([H])[C@](CC2)([H])[C@@](CC3)([H])[C@@](CC1)(C)[C@]3(OC(C)=O)C#C,carcinogenic
O=N[O-].[Na+],carcinogenic
O=N(=O)c1ccc(C)cc1,carcinogenic
ClCOCCl,carcinogenic
O=NN1CCCC1,carcinogenic
O=NN1CCC(=O)NC1=O,carcinogenic
NC(NC1=CC=C(C=C1)OCC)=O,carcinogenic
O=NN1CCSCC1,carcinogenic
O=NN1CCOCC1,carcinogenic
O=NN1CCCCCCC1,carcinogenic
NN,carcinogenic
O=NN(CCCCC)CCCCC,carcinogenic
O=NN(CCCC)CCCC,carcinogenic
ClCCN(C(COC2=CC=CC=C2)C)CC1=CC=CC=C1.Cl,carcinogenic
O=NN(CCN1)CC1,carcinogenic
O=NN(CCN(C)C)C(=O)[NH2+]CC.[O-]N=O,carcinogenic
CN1CC[C@H]2OC(=O)C3(C[C@@H](C)[C@@](C)(O)C(=O)OC\C(=C\C1)C2=O)O[C@@H]3C,carcinogenic
C1=CC(=CC=C1N(C)N=O)N=O,carcinogenic
OCCNC2=C1C=CC=CC1=NC(C3=CC=C([N+]([O-])=O)S3)=N2,carcinogenic
CC(=O)NC1=NN=C(S1)C2=CC=C(O2)[N+]([O-])=O,carcinogenic
O=C(OC1=C2C(=CC=C1)C=CC=C2)NC,carcinogenic
ON=C1C=CC(=NO)C=C1,carcinogenic
[N+](=N/CCC)(/CCC)[O-],carcinogenic
OC2=NN=C(O2)C1=CC=C([N+]([O-])=O)O1,carcinogenic
O=NN(C1=CC=CC=C1)C2=CC=CC=C2,carcinogenic
OCC1CO1,carcinogenic
COC1=CC(=C(C=C1)N)C,carcinogenic
OCC(CO)(CBr)CBr,carcinogenic
S=C1NCCN1,carcinogenic
CN(N=O)C1=C(C(NC)=O)N(C)C=N1,carcinogenic
[Al+3].[O-]P(=O)OCC.[O-]P(=O)OCC.[O-]P(=O)OCC,carcinogenic
O(C1=CC=CC=C1)CC2CO2,carcinogenic
N=C(N(N=O)C)N[N+](=O)[O-],carcinogenic
S=P(N1CC1)(N1CC1)N1CC1,carcinogenic
S=C([S-])NCCNC([S-])=S.[Zn+2],carcinogenic
S=C([S-])N(C)C.[S-]C(N(C)C)=S.[Zn+2],carcinogenic
C1(=CC=C(C=C1)O)NC(C)=O,carcinogenic
S=C(NCC)NCC,carcinogenic
O(CC1(C)C)C1=O,carcinogenic
S=C(N(CC)CC)SCC(=C)Cl,carcinogenic
O=C1OC2=C(C=CC=C2)CC1,carcinogenic
OC1=C(C=C(C=C1)C)/N=N/C2=CC=C(C=C2)NC(=O)C,carcinogenic
OC1=C(C(=C(C(=C1Cl)Cl)Cl)Cl)Cl,carcinogenic
OC1=C(C([O-])=O)C=C(N=NC2=CC=C(C3=CC=C(N=NC4=C([O-])C(/N=N/C(C=C(S([O-])(=O)=O)C=C5)=C5[O-])=CC=C4O)C=C3)C=C2)C=C1.[Na+].[Na+].[Cu+2],carcinogenic
OC1=C(C=CC(=C1)C)O,carcinogenic
ClC(C(C1=CC=C(C=C1)Cl)C2=CC=C(C=C2)Cl)(Cl)Cl,carcinogenic
OC1=C(C=C(C=C1)N)[N+](=O)[O-],carcinogenic
OC(C=C)C1=CC=C2OCOC2=C1,carcinogenic
N1C2=C(C3=C1C=CC=C3)C(=NC(=C2C)N)C.CC(=O)O,carcinogenic
OC(=O)CN(CC(=O)O)CC(=O)O,carcinogenic
C1(=CC=C(C=C1)SC2=CC=C(C=C2)N)N,carcinogenic
C1=C(C=CC=C1OCC2CO2)OCC3CO3,carcinogenic
OC(C1=CC=C(C(=C1)CO)O)CNC(C)(C)C,carcinogenic
ClCCCl,carcinogenic
OC1=CC=C2C(=C1/N=N/C3=CC=CC=C3)C=CC=C2,carcinogenic
OC1=CC=C2C(=C1/N=N/C3=C(C=C(C=C3)C)[N+](=O)[O-])C=CC=C2,carcinogenic
CCC(C)=NO,carcinogenic
CC1=C(C=C(C=C1)[N+](=O)[O-])[N+](=O)[O-],carcinogenic
OC1=CC2=C(C=C1)OCO2,carcinogenic
OC1=C(O)C=C4C(C[C@](COC2=C3C=CC(O)=C2O)([C@@]34[H])O)=C1,carcinogenic
O=C1N(CC(=O)N1)/N=C/C2=CC=C(O2)[N+](=O)[O-],carcinogenic
OC1=C(C=CC=C1)O,carcinogenic
OC1=CC=C(C=C1C(C)(C)C)OC,carcinogenic
O=NN(CC(=O)C)CC(=O)C,carcinogenic
C12(C(=CC(=CC=1S(=O)(=O)[O-])S(=O)(=O)[O-])C=CC(=C2/N=N/C3=C4C(=C(C=C3)S(=O)(=O)[O-])C=CC=C4)O).[Na+].[Na+].[Na+],carcinogenic
O=C3C[C@@H]4CC[C@@H]1[C@H](CC[C@]2(C)[C@@](C)(O)CC[C@@H]12)[C@@]4(C)C\C3=C\O,carcinogenic
O=C(C1=C(C=CC=C1)C(=O)OCC(CCCC)CC)OCC(CCCC)CC,carcinogenic
C=CCN=C=S,carcinogenic
O=C(C[C@@H](C[C@@H](/C=C/C1=C(C2=C(N1C(C)C)C=CC=C2)C3=CC=C(C=C3)F)O)O)O,carcinogenic
O=C(C1=CC=NC=C1)NN,carcinogenic
N(CC(CO)O)(CCO)N=O,carcinogenic
CCC(CC)[N+]([O-])=O,carcinogenic
O=C(C)NC3=CC=C(C2=C3)C1=C(C2=O)C=CC=C1,carcinogenic
O=C(C)CN(N=O)CCO,carcinogenic
OC(=O)C1=CC=C(C=C1)[N+](=O)[O-],carcinogenic
C1/C=C\CN(O1)N=O,carcinogenic
O=C(C)OC(C2=CC1=C(C=C2)OCO1)C=C,carcinogenic
O=CC1=CC=CO1,carcinogenic
O=C(N(C)N=O)C1=C(N(N=O)C)N=CN1C,carcinogenic
O=C(N(C)C)NC1=CC=C(C=C1)Cl,carcinogenic
CC(C)=C,carcinogenic
O=[N+](C([N+](=O)[O-])([N+](=O)[O-])[N+](=O)[O-])[O-],carcinogenic
O=C(N(CC(C)C)N=O)N,carcinogenic
O=C(N(C)N=O)NC1=NC2=C(S1)C=CC=C2,carcinogenic
O=C(CC(C)C)OCC=C,carcinogenic
O=C(C4=CC(OC)=C(OC)C(OC)=C4)O[C@@H]1C[C@@]3([H])[C@@](C[C@](N5C3)([H])C2=C(CC5)C(C=C6)=C(C=C6OC)N2)([H])[C@H]([C@](OC)=O)[C@H]1OC,carcinogenic
NC(CCSCC)C(=O)O,carcinogenic
CC(C)C(O)(C(C)O)C(=O)OC\C1=C\CN2CC[C@@H](OC(=O)C(\C)=C\C)[C@@H]12,carcinogenic
O=C(CCCN(C)N=O)O,carcinogenic
O=C(CCC(=O)O)NN(C)C,carcinogenic
O=C(C(F)(F)F)NC1=CC3=C(C2=CC=CC=C2C3)C=C1,carcinogenic
O=[N+]([O-])C3=CC=C(O3)/C=N/N1C(O[C@@H](CN2CCOCC2)C1)=O.Cl,carcinogenic
O=[N+]([O-])C1=CC=C(O1)/C=N/N2C(N(CCO)CC2)=O,carcinogenic
S=C(N(C)C)NC,carcinogenic
O=[N+](C1=CC=C(O1)/C=N/NC(=O)N)[O-],carcinogenic
O=[N+](C1=CC(=C(C=C1)O)N)[O-],carcinogenic
O=C(N(CC(C)O)N=O)NCCCl,carcinogenic
O[C@H]([C@H](O)CBr)[C@H](O)[C@H](O)CBr,carcinogenic
N(N(CCCO)C)=O,carcinogenic
O[C@@H]3C\C4=C\C[C@@H]2[C@H](CC[C@]1(C)C(=O)CC[C@H]12)[C@@]4(C)CC3,carcinogenic
O=[Cr](=O)(O[Cr](=O)(=O)[O-])[O-].[Na+].[Na+],carcinogenic
O=[C@@]([C@@H]1C=C([C@]4([H])N(C)C1)C3=C2C(C4)=C(NC2=CC=C3)Br)N[C@@]5([C@H](C)C)C(N([C@@H](CC(C)C)C(N7CCC[C@@]67[H])=O)[C@@]6(O)O5)=O.O=S(O)(C)=O,carcinogenic
O[C@H]1O[C@H](CO)[C@@H](O)[C@H](O)[C@H]1NC(=O)N(CCCl)N=O,carcinogenic
O=C(/C=C(C(C1=CC=C(C=C1)OC)=O)/Br)[O-].[Na+],carcinogenic
O=P(OCC(CBr)Br)(OCC(CBr)Br)OCC(CBr)Br,carcinogenic
C12C3=C(C=CC=C3)CC1=CC(=CC=2)NC(C)=O,carcinogenic
O=C(O[C@@H]1CC[N+]2([O-])[C@@]([H])1C3=CC2)\C(C[C@@H](C)[C@](O)(CO)C(OC3)=O)=C([H])/C,carcinogenic
O=C(C(C)=C4N)C2=C(C4=O)[C@](COC(N)=O)([H])[C@@](N2C3)(OC)[C@@]1([H])N[C@@]31[H],carcinogenic
O=C(C(C)(OC1=CC=C(C=C1)C2=CC=C(C=C2)Cl)C)OC,carcinogenic
O=[N+](C1=CC=CC=C1)[O-],carcinogenic
O=[N+](C1=CC=C2C3=C4C(=CC=C13)C=CC=C4C=C2)[O-],carcinogenic
O=C1C2=C(C(=CC=C2C(=O)C3=C1C=CC=C3)C)[N+](=O)[O-],carcinogenic
O=[N+](OC(CO[N+](=O)[O-])CO[N+](=O)[O-])[O-],carcinogenic
O=[N+](C1=CN=C(S1)N)[O-],carcinogenic
[O-]\[N+](C)=N/CC,carcinogenic
O=C1C2=C(C=CC=C2O)C(=O)C3=CC=CC(=C13)O,carcinogenic
O=C1C2=C(C=CC=C2C(=O)C3=C1C=CC=C3)O,carcinogenic
NC(=O)OCC,carcinogenic
O=C1C2=CC3=C(C=C2N(C=C1C(=O)O)CC)OCO3,carcinogenic
[O-][N+](=O)C1=CC=C(O1)C2=CSC(=N2)NNC=O,carcinogenic
O=C1C2=C(C3=C(C=C2OC)OC4C3C=CO4)OC5=C1C(=CC(=C5OC)OC)O,carcinogenic
Cn3nc(CO)nc3NCCCOc2cc(CN1CCCCC1)ccc2,carcinogenic
O=C1C2=C(C(=CC(=C2C(=O)C3=C1C=CC=C3)Br)Br)N,carcinogenic
O=C1C=C(NC(=S)N1)CCC,carcinogenic
NC1=C(C=CC(=C1)N)C,carcinogenic
O=C1C2=C(C(=CC=C2N)N)C(=O)C3=C(C=CC(=C13)N)N,carcinogenic
O=C1C2=C(C(=CC=C2C(=O)C3=C1C=CC=C3)C)N,carcinogenic
O=C1OC2=C(C=CC=C2)C=C1,carcinogenic
O=C1O[C@@H]3CCN2C\C=C(\COC(=O)[C@](C)(O)[C@](C)(O)[C@H]1C)[C@@H]23,carcinogenic
O=C1NC(=O)NC=C1,carcinogenic
C1(=CC=C(Cl)C=C1)N.[H]Cl,carcinogenic
O=C2c1ccccc1C(=O)c3c2c(O)cc(O)c3O,carcinogenic
OC2=CC=C(C=C2)/C(CC)=C(CC)/C1=CC=C(O)C=C1,carcinogenic
O=C1CCO1,carcinogenic
C1=COC2=C1C=CC=C2,carcinogenic
N(C1=CC=CC=C1)NC2=CC=CC=C2,carcinogenic
O=C1N(C2=CC=CC=C2)N(C3=CC=CC=C3)C(=O)C1CCCC,carcinogenic
C1(=CC=CN=C1)CCl.[H]Cl,carcinogenic
O=C1N(C(=O)C2C1CC=CC2)SC(Cl)(Cl)Cl,carcinogenic
O=C1[N-]S(=O)(=O)C2=CC=CC=C12.[Na+],carcinogenic
O=C(N(CCO)N=O)N,carcinogenic
O=C(N(CCCO)N=O)N,carcinogenic
O=C(N(CCCCCC)N=O)N,carcinogenic
O=C1C(C(OCC5)=O)=C5C(C(OC)=C4)=C(C2=C4OC3C2C=CO3)O1,carcinogenic
O=C(N(CCO)N=O)NCCCl,carcinogenic
O=C(N(CCO)N=O)NCC,carcinogenic
O=C(N(CC)N=O)OCC,carcinogenic
O=C1[C@H](OC(\C(C[C@@]([H])(C)[C@](C)2O)=C/C)=O)CCN(C)C/C=C1/COC2=O,carcinogenic
O=C(N(CC)N=O)NCC(=O)C,carcinogenic
O=C(N(CCCCC)N=O)OCC,carcinogenic
O=C(N(CCCC)N=O)NCCCC,carcinogenic
O=C(N(CCCC)N=O)N,carcinogenic
O=C(OCC)C=C,carcinogenic
OS(=O)(=O)O.NN,carcinogenic
O=C(OC[C@@H](C(=O)O)N)C=[N+]=[N-],carcinogenic
O=C(N(CC)N=O)NCCO,carcinogenic
O=C=NC1=CC(N=C=O)=CC=C1C,carcinogenic
O=C/C=C/C,carcinogenic
CN(CCCCCCCCCCC)N=O,carcinogenic
O=C(NC2=C(Cl)C=NC=C2Cl)C1=CC(OC3CCCC3)=C(OC)C=C1,carcinogenic
O=C(N)C1=C(N=CN1)/N=N/N(C)C,carcinogenic
O=C(OC(COC(=O)CCCCCCC)COC(=O)CCCCCCC)CCCCCCC,carcinogenic
O=C(O2)C([C@@H](CC3)O)=C3C1=C2C4=C(O[C@@]5([H])[C@]([H])4C=CO5)C=C1OC,carcinogenic
C1=CC=C2C(=C1)NC(NC2=O)C3=CC=C(S3)[N+]([O-])=O,carcinogenic
C1(NC(CN1N=O)=O)=O,carcinogenic
CN[N+](=O)[O-],carcinogenic
C1(=C(C=CC=C1)N)N.[H]Cl.[H]Cl,carcinogenic
C1=C(C(=CC(=C1N)C)C)C.[H]Cl,carcinogenic
[Hg+2].[Cl-].[Cl-],carcinogenic
C1(C2=CC=CC=C2)(C(NC(=NC1=O)[O-])=O)CC.[Na+],carcinogenic
C1(C2=CC(=C(N)C=C2)C)(=CC(=C(N)C=C1)C).[H]Cl.[H]Cl,carcinogenic
NC1=CC=C(C=C1)OC2=CC=C(C=C2)Cl,carcinogenic
CC(N(C1=CC=CC2=C1CC3=C2C=CC=C3)C(C)=O)=O,carcinogenic
Cl.CC(=O)O[C@@H](CC)C(C[C@H](C)N(C)C)(c1ccccc1)c2ccccc2,carcinogenic
[O-][N+](=O)C1=CC=C(O1)C2=CSC(=N2)NC=O,carcinogenic
C1=CC=C2C(=C1)N=C(N=C2N(CCO)CCO)C3=CC=C(S3)[N+]([O-])=O,carcinogenic
C1=CC=C2C(=C1)N(C(\C=C/2C)(C)C)N=O,carcinogenic
C1=CC=C(C=[N+]1[O-])C2CCCN2N=O,carcinogenic
C1(/C=C(\C=C/C1=O)CCN)=[N+]=[N-].[H]Cl,carcinogenic
C1=C(CO)OC=C1,carcinogenic
ClC1(C(C2=CC=C(C=C2)OC(C(=O)O)(C)C)C1)Cl,carcinogenic
OCCOCCO,carcinogenic
C1=CC=C2C(=C1)N=C(N=C2N3CCOCC3)C4=CC=C(S4)[N+]([O-])=O,carcinogenic
O=C1NC(=S)NC=C1,carcinogenic
O\N=C1\CCCC1,carcinogenic
C1(=C(C=CC=C1)N)OC.[H]Cl,carcinogenic
C1(=C(C=CC=C1)C(OCCCC)=O)C(OCC2=CC=CC=C2)=O,carcinogenic
C1(=C(C(OCCCCCCC(C)C)=O)C=CC=C1)C(OCCCCCCC(C)C)=O,carcinogenic
C1(/N=N/C2=CC=CC=C2)=CC=CC=C1,carcinogenic
C1=C2C(=CC=C1)C=CC=C2,carcinogenic
N1=CC=CC=C1,carcinogenic
ClC(C(C)=C2)=CC(S(=O)([O-])=O)=C2/N=N/C1=C3C(C=CC=C3)=CC=C1O.ClC(C(C)=C5)=CC(S(=O)([O-])=O)=C5/N=N/C4=C6C(C=CC=C6)=CC=C4O.[Ba+2],carcinogenic
C1(C(=CC=C(C=1)C)C)N.[H]Cl,carcinogenic
C1(=NC(=NC(=N1)NC(C)=O)C2=CC=C(O2)[N+](=O)[O-])NC(C)=O,carcinogenic
C1(C)=CSC(=N1)NNC=O,carcinogenic
C1(C(N\C(=N/C1=O)[O-])=O)(CC)CC.[Na+],carcinogenic
O=C1N(C=C)CCC1,carcinogenic
C1(=CC(=NC(=N1)C2=CC=C(O2)[N+]([O-])=O)C)C,carcinogenic
OC(=O)CCCCCCCCCCN,carcinogenic
NC1=CC=C(/C=C/C2=CC(OC)=CC=C2OC)C=C1,carcinogenic
NC1(=CC=C(C=C1)C2=CC=CC=C2).[H]Cl,carcinogenic
CC(=S)N,carcinogenic
CC(=O)N(CC)CC,carcinogenic
CC1=C(C=CC=C1[N+](=O)[O-])[N+](=O)[O-],carcinogenic
CC(=O)NC1=CC=C(C=C1)C2=CC=CC=C2,carcinogenic
[O-]C12[C@@H](CC[N+](C)1CC=C2COC([C@](OC(C)=O)(C)[C@@H](C)\C=C3C=C)=O)OC/3=O,carcinogenic
CC(=C)CCl,carcinogenic
C2C(=O)NC(=O)CN2CC(C)N1CC(=O)NC(=O)C1,carcinogenic
ClCCN(C)CCCl,carcinogenic
NC2=NC(C3=CC=CC=C3)=C(CCOCC)C1=NC=NN12,carcinogenic
C3=CC=CC(NS(=O)(=O)C2=CC=C(N=NC1=CC=C(O)C(C(O)=O)=C1)C=C2)=N3,carcinogenic
Br(=O)(=O)[O-].[K+],carcinogenic
[O-][N+](C)=O,carcinogenic
C1C(C2=CC=CC=C2)O1,carcinogenic
CC(=O)OCC(=O)[C@@]53/N=C(/C)O[C@@H]5C[C@H]2[C@@H]4CC\C1=C\C(=O)\C=C/[C@]1(C)[C@H]4[C@@H](O)C[C@@]23C,carcinogenic
C=O,carcinogenic
N(CC(C)=O)(CC=C)N=O,carcinogenic
CC(=O)NC1=CC=C(C=C1)S(=O)(=O)C2=CC=C(NC(C)=O)C=C2,carcinogenic
C12C(=CC(=C(C=1O)/N=N/C3=C(C=C(C=C3)C4=CC(=C(C=C4)/N=N/C5=C(C=C6C(=C5O)C(=CC(=C6)S(=O)(=O)[O-])N)S(=O)(=O)[O-])OC)OC)S(=O)(=O)[O-])C=C(C=C2N)S(=O)(=O)[O-].[Na+].[Na+].[Na+].[Na+],carcinogenic
CC(=O)O[C@@H]3C\C4=C\C[C@@H]2[C@H](CC[C@]1(C)C(=O)CC[C@H]12)[C@@]4(C)CC3,carcinogenic
C1N(C(OC1)=O)N=O,carcinogenic
C12(C(=CC(=C(C=1/N=N/C3=C4C(=C(C=C3)S(=O)(=O)[O-])C=CC=C4)O)S(=O)(=O)[O-])C=C(C=C2)S(=O)(=O)[O-]).[Na+].[Na+].[Na+],carcinogenic
C12(C(=CC(=C(C=1/N=N/C3=C(C=C(C=C3)C)C)O)S(=O)(=O)[O-])C=C(C=C2)S(=O)(=O)[O-]).[Na+].[Na+],carcinogenic
CC1=C(C=CC(=C1)C)C,carcinogenic
O=C1C2=C(N=C(C=C2)C)N(C=C1C(=O)O)CC,carcinogenic
ClC1=CC(=NC(=N1)SCC(=O)O)NC2=CC=CC(=C2C)C,carcinogenic
C1=CC=CC=C1,carcinogenic
C1=CC=CC(=N1)N(N=O)C,carcinogenic
C1=CC2=CC=CC3=CC=C4C(=C23)C1=C5C(=C4)C=CC=C5,carcinogenic
C1=CC=CC=C1C(COC(N)=O)COC(N)=O,carcinogenic
C1CCCO1,carcinogenic
C1CCCN(O1)N=O,carcinogenic
C1COCCO1,carcinogenic
CC(=C)[C@@H]1CCC(=CC1)C,carcinogenic
C1CCC[C@@H](N1N=O)C,carcinogenic
C12C(OC3=C(N=1)C(=CC=C3C)C(N[C@@H]4C(N[C@@H](C(N5[C@@H](CCC5)C(N(CC(N([C@H](C(O[C@H]4C)=O)C(C)C)C)=O)C)=O)=O)C(C)C)=O)=O)=C(C(C(=C2C(N[C@@H]6C(N[C@@H](C(N7[C@@H](CCC7)C(N(CC(N([C@H](C(O[C@H]6C)=O)C(C)C)C)=O)C)=O)=O)C(C)C)=O)=O)N)=O)C,carcinogenic
C12C(C(=O)N(C1=O)SC(C(Cl)Cl)(Cl)Cl)C\C=C/C2,carcinogenic
C1C(OC(O1)C(C)I)CO,carcinogenic
C1C(N(C(CN1N=O)C)C)C,carcinogenic
BrC(Br)Br,carcinogenic
[O-][N+](=O)c1ccc2c3ccccc3Cc2c1,carcinogenic
O=C1C2=CC(=CC=C2C(=O)C3=C1C=CC=C3)N,carcinogenic
[O-][N+](C1=CC(C(OC)=CC=C4)=C4C2=C1C(C([O-])=O)=CC3=C2OCO3)=O.[Na+],carcinogenic
C1(NC(CN1/N=C/C2=CC=C(O2)[N+](=O)[O-])C)=O,carcinogenic
[O-][N+](=O)C1=CC=C(O1)C=NN2CCNC2=O,carcinogenic
[NH3+]C2=C(C)C=C(C3=N2)C1=C(N3)C=CC=C1.O=C([O-])C,carcinogenic
[Na+].C1(=C(C=C(C=C1)NC2=C(C=C(C=C2)[N+](=O)[O-])[N+](=O)[O-])S(=O)(=O)[O-])NC3=CC=CC=C3,carcinogenic
[O-][N+](C2=CC=C(O2)C1=CSC=N1)=O,carcinogenic
CC1(CC(=CC(=O)C1)C)C,carcinogenic
CC1=C(C=CC=C1)S(=O)(=O)N,carcinogenic
COC1=C(C=CC(=C1)C2=CC(=C(C=C2)N=C=O)OC)N=C=O,carcinogenic
CC(=O)OC=C,carcinogenic
[Se]=S,carcinogenic
[O-]\[N+](CC)=N/CC,carcinogenic
[O-][N+](C1=CN=C(NC(NCC)=O)S1)=O,carcinogenic
[O-][N+](C1=CC=C(C2=CSC(NC(C(F)(F)F)=O)=N2)O1)=O,carcinogenic
[O-]\[N+](CC)=N/C,carcinogenic
[O-][N+](C3=CC=C(O3)C1=CN=C2N1C=CC=C2)=O,carcinogenic
C(C1)N1C(=CC(=O)C=2N(C3)C3)C(=O)C=2N(C4)C4,carcinogenic
[H][C@]12N(CC=C2COC([C@@](O)(C(O)(C)C)[C@H](C)OC)=O)CC[C@@H]1OC(\C(C)=C/C)=O,carcinogenic
[Cl-].[Cd+2].[Cl-],carcinogenic
ClC/C=C/CCl,carcinogenic
[H][C@]14[C@@]([C@]3([H])CC[C@@](O)(C#C)[C@](C)3CC4)([H])CCC2=CC(O)=CC=C12,carcinogenic
C(CCCN(N=O)C)(O)C1C=NC=CC=1,carcinogenic
[C@]13([C@@](C(=O)CO)(CC[C@H]1[C@@H]2CCC=4[C@@]([C@H]2[C@H](C3)O)(\C=C/C(C=4)=O)C)O)C,carcinogenic
ClC2(Cl)C1(Cl)C(\Cl)=C(\Cl)C2(Cl)C(C1C(O)=O)C(O)=O,carcinogenic
O=NN1CCCCC1,carcinogenic
[C@]24([C@@](C(COC(=O)CCCc1ccc(cc1)N(CCCl)CCCl)=O)(CC[C@H]2[C@@H]3CCC=5[C@@]([C@H]3[C@H](C4)O)(\C=C/C(C=5)=O)C)O)C,carcinogenic
[N+](=O)([O-])c1ccccc1C,carcinogenic
[N+](=N\C(C)C)(/C(C)C)[O-],carcinogenic
O[C@@H]([C@@H](O)[C@H](O)CBr)[C@@H](O)CBr,carcinogenic
[N+](CCCl)(CCCl)(C)[O-],carcinogenic
OCC(=O)[C@@]54OC(O[C@@H]5C[C@@H]1[C@]4(C)C[C@H](O)[C@@H]2[C@@]3(C)/C=C\C(=O)\C=C3\CC[C@@H]12)CCC,carcinogenic
[K+].[I-],carcinogenic
C1(N=CNN=1)N,carcinogenic
[N+].C1(N(N=O)[O-])=CC=CC=C1,carcinogenic
[Mn+2].[S-]C(=S)NCCNC(=S)[S-],carcinogenic
ClC(CC(Cl)C(Cl)CCC(Cl)CC)C(Cl)C(Cl)CCl,carcinogenic
CCBr,carcinogenic
C1=CC=C(C(O)C)C=C1,carcinogenic
O=C(N)\C(C2=CC=CO2)=C/C1=CC=C([N+]([O-])=O)O1,carcinogenic
C\C1=C\N(C(=O)NC1=O)[C@H]2C[C@H](/N=[N+]=[N-])[C@@H](CO)O2,carcinogenic
C[N+](=NC)[O-],carcinogenic
Cl\C=C\CCl,carcinogenic
COC1C=C(C=CC=1C2NC3=CN=CC=C3N=2)S(C)=O,carcinogenic
O=C1C2=C(C=C(C=C2O)O)OC(=C1O)C3=CC(=C(C=C3)O)O,carcinogenic
C[As](C)(C)=O,carcinogenic
C=CCl,carcinogenic
C=CCC1=CC=C2C(=C1)OCO2,carcinogenic
C=CF,carcinogenic
C=CCN(CC=C)N=O,carcinogenic
NNC1=NC(C2=CC=C([N+]([O-])=O)C=C2)=CS1,carcinogenic
O=NN(C)CCOS(C1=CC=C(C)C=C1)(=O)=O,carcinogenic
C1=CC(=CC=C1N(N=O)C)F,carcinogenic
C=CC=C,carcinogenic
C=CC#N,carcinogenic
C(N)(=O)OC(C#C)(C1C=CC=CC=1)C2C=CC(=CC=2)Cl,carcinogenic
C(/C1=CC=C(C=C1)N(CC2=CC(=CC=C2)S(=O)(=O)[O-])CC)(=C3\C=C/C(C=C3)=[N+](/CC4=CC(=CC=C4)S(=O)(=O)[O-])CC)C5=CC=C(C=C5)N(C)C.[Na+],carcinogenic
C(/C)(C)=N\NC1=NC=C(S1)C2=CC=C(O2)[N+](=O)[O-],carcinogenic
C(=C/C=O)\[O-].[Na+],carcinogenic
C(/C1=CC=C(C=C1)N(CC2=CC(=CC=C2)S(=O)(=O)[O-])CC)(=C3\C=C/C(C=C3)=[N+](\CC4=CC(=CC=C4)S(=O)(=O)[O-])CC)C5=CC=CC=C5.[Na+],carcinogenic
C([O-])(C)=O.[Pb+2].[O-]C(C)=O,carcinogenic
CNNCC1(=CC=C(C=C1)C(=O)NC(C)C).[H]Cl,carcinogenic
BrC1=C(OC2=C(Br)C(Br)=C(Br)C(Br)=C2Br)C(Br)=C(Br)C(Br)=C1Br,carcinogenic
C1CCN(CN1N=O)N=O,carcinogenic
ClC(Cl)Br,carcinogenic
CC/C(=C/CC)[N+](=O)[O-],carcinogenic
CC1=C(C=CC=C1)N=O,carcinogenic
C(CCl)(F)(F)F,carcinogenic
C(CC(=O)O)C(=O)O.C(OCCN(C)C)(C)(C1=CC=CC=C1)C2=CC=CC=N2,carcinogenic
O=NN(CCC)CCC,carcinogenic
C(C1=CC=C(C=C1)N)(C2=CC=C(C=C2)N)=C3C=CC(C=C3)=N.[H]Cl,carcinogenic
ClC1=C(C=CC(=C1)Cl)OC2=CC=C(C=C2)[N+](=O)[O-],carcinogenic
OC1=C(C=CC=C1)C2=CC=CC=C2,carcinogenic
CC(OC1=CC=C(C=C1)Cl)(C(=O)OCC)C,carcinogenic
CC(OC)(C)C,carcinogenic
NC(=O)Cc2c([O-])on[n+]2Cc1ccccc1,carcinogenic
[H][C@]12C3=CCN1CC[C@H]2OC(/C(CC([C@@](CO)(O)C(OC3)=O)=C)=C\C)=O,carcinogenic
CC1(C(=C(CCC1)C)C=CC(=CC=CC(=CCOC(=O)C)C)C)C,carcinogenic
CC=O,carcinogenic
N/1C(N(\C=C\1)C)=S,carcinogenic
CC/C(C2=CC=CC=C2)=C(C1=CC=CC=C1)/C(C=C3)=CC=C3OCCN(C)C.OC(C(CC(O)=O)(O)CC(O)=O)=O,carcinogenic
OC(=O)C(Cl)Cl,carcinogenic
CC(C)OC1=CC=CC=C1OC(=O)N(C)N=O,carcinogenic
[C@@H]1(NC(N(N=O)C)=O)[C@H]([C@H](O)[C@H](O[C@@H]1O)CO)O,carcinogenic
FCC(F)(F)F,carcinogenic
CC(CON=O)C,carcinogenic
[O-][N+](C1=CC=C(C2=CSC(NC(C)=O)=N2)O1)=O,carcinogenic
CC(Cl)(Cl)F,carcinogenic
CC1=C2C3=C(C=C4C(=C3CC2)C=CC5=CC=CC=C45)C=C1,carcinogenic
CC1=C2C(=CO[C@H]([C@@H]2C)C)C(=C(C1=O)C(=O)O)O,carcinogenic
CC1=C(C2=C(C=CC(=C2)OC)N1C(=O)C3=CC=C(C=C3)Cl)CC(=O)O,carcinogenic
CC1=C(C=C(C=C1)C)OCCCC(C(=O)O)(C)C,carcinogenic
O=C(O[C@@H]5CC([C@@](CC5)(C)[C@]([H])3CC4)=CC[C@@]3([H])[C@@]2([H])[C@@]4(C)[C@]([C@H](C)CCCC(C)C)([H])CC2)CC1=CC=C(N(CCCl)CCCl)C=C1,carcinogenic
CC1=CC(C4=CC(C)=C(/N=N/C5=CC=C(OS(=O)(C6=CC=C(C)C=C6)=O)C=C5)C=C4)=CC=C1/N=N/C2=C(O)C=CC3=CC(S(=O)([O-])=O)=CC(S(=O)([O-])=O)=C23.[Na+].[Na+],carcinogenic
CC1=CC(C)=C(/N=N/C2=C(C(S([O-])(=O)=O)=CC3=C2C=CC(S([O-])(=O)=O)=C3)O)C=C1C.[Na+].[Na+],carcinogenic
O=[N+](C1=CC(=C(C=C1)OC)N)[O-],carcinogenic
[O-][N+](=O)N(C)C,carcinogenic
CC1=C(C=C(C=C1)[N+](=O)[O-])[N+](=O)[O-],carcinogenic
CC1CC(OC(O1)C)OC(=O)C,carcinogenic
CC(=NO)C,carcinogenic
C(C1C=CC=CC=1)(=O)N(N=O)C,carcinogenic
CC1=C(C=CC=C1)/N=N/C2=CC(=C(C=C2)N)C,carcinogenic
CC1=C(C=CC(=C1)CC2=CC(=C(C=C2)N)C)N,carcinogenic
CC(C)(C)NCC(O)C1=CC(O)=CC(=C1)O,carcinogenic
CC(C(O)=O)(OC1=CC=C(C=C1)C2CCCC3=C2C=CC=C3)C,carcinogenic
C(C1=CC=C(C=C1)N)C2=CC=C(C=C2)N.[H]Cl.[H]Cl,carcinogenic
O=CC1=CC=CC=C1,non-carcinogenic
O=C4[C@@]3(C)CC[C@]2([H])C1=CC=C(OS(=O)([O-])=O)C=C1CC=C2[C@@]([H])3CC4.[Na+],non-carcinogenic
C(C\C=C/CCCCCCCC)CCCCCC(=O)[O-].[Na+],non-carcinogenic
O=[N+](CCC)[O-],non-carcinogenic
C1(C(=CC=C(C=1)N)O)N.[H]Cl.[H]Cl,non-carcinogenic
[Na+].[O-]Cl=O,non-carcinogenic
O=C2C1=C(N=CN2)N([C@@H]3O[C@H](COP([O-])([O-])=O)[C@@H](O)[C@H]3O)C=N1.[Na+].[Na+],non-carcinogenic
C1(=CC=C(N)C=C1)OC.[H]Cl,non-carcinogenic
O=C2NC(/N)=N\CN2[C@@H]1O[C@H](CO)[C@@H](O)[C@H]1O,non-carcinogenic
CC1=C(C=C(C=C1)[N+](=O)[O-])[N+](=O)[O-],non-carcinogenic
C=CC(OCC)OCC,non-carcinogenic
ClC1=CC(Cl)=C(/C(OP(=O)(OC)OC)=C/Cl)C=C1Cl,non-carcinogenic
Cl.CCOC(=O)[C@H](CCc1ccccc1)N[C@@H](C)C(=O)N2Cc3ccccc3C[C@H]2C(O)=O,non-carcinogenic
Cl.CC3CCCC(C)N3CCCC(O)(c1ccccc1)c2ccccn2,non-carcinogenic
O=[Ti]=O,non-carcinogenic
[Ni],non-carcinogenic
CN(C)CCN(CC1=CC=CO1)C2=CC=CC=N2,non-carcinogenic
Cl.CN(C)[C@@H]2C(\O)=C(\C(N)=O)C(=O)[C@@]3(O)C(/O)=C4/C(=O)c1c(cccc1O)[C@@](C)(O)[C@H]4C[C@@H]23,non-carcinogenic
O=CNNC1=NC(C2=CC=CO2)=CS1,non-carcinogenic
CC1(C(=O)NC(=O)O1)C,non-carcinogenic
S=P(OC1=CC(=C(C=C1)SC)C)(OC)OC,non-carcinogenic
C(C1C=CC(=CC=1)O)(C2=CC=C(C=C2)O)(C)C,non-carcinogenic
O=C1N(CCC1)C,non-carcinogenic
OC(=O)C1=C(C=CC=C1)OC(=O)C,non-carcinogenic
O=C1N(C2=CC=C(C=C2C(=NC1)C3=CC=CC=C3)Cl)CC4CC4,non-carcinogenic
O=C1N(C(=O)C2=C1C=CC=C2)SC(Cl)(Cl)Cl,non-carcinogenic
OC2=CC1=C(C(O)=C2)C(C(O[C@@H]4O[C@@H]([C@H]([C@H](O)[C@H]4O)O)CO[C@H]3[C@H](O)[C@H](O)[C@H]([C@H](C)O3)O)=C(C5=CC(O)=C(C=C5)O)O1)=O.O=S(O)(O)=O,non-carcinogenic
O=[N+]([O-])[O-].[Na+],non-carcinogenic
CN(C)CCN(CC1=CC=CS1)C2=CC=CC=C2,non-carcinogenic
C12(=C(C=C(C=C1C=CC(=C2/N=N/C3=CC=CC=C3)O)S(=O)(=O)[O-])S(=O)(=O)[O-]).[Na+].[Na+],non-carcinogenic
C3(S(N)(=O)=O)=CC=C(N2N=C(C(F)(F)F)C=C2C1=CC=C(C)C=C1)C=C3,non-carcinogenic
O=[N+](C1=CC(=C(C=C1)C)N)[O-],non-carcinogenic
O=C2C=1/N=C\NC=1N(C)C(=O)N2C,non-carcinogenic
N1C2=C(C=CC=C2)N=N1,non-carcinogenic
OC(=O)\C=C/C(O)=O.C(C(C1CCCCC1)C2CCCCC2)C3CCCCN3,non-carcinogenic
C1(=C(C=CC(=C1)[C@H](CN[C@@H](CCC2=CC=CC=C2)C)O)O)C(N)=O.[H]Cl,non-carcinogenic
C(C1=CC=CC=C1)(C2CCCCN2)C(OC)=O.[H]Cl,non-carcinogenic
O=C1OC(=O)CC1,non-carcinogenic
Cl[C@@H]1[C@@H](Cl)[C@H](Cl)[C@H](Cl)[C@@H](Cl)[C@@H]1Cl,non-carcinogenic
NC1=C(C=C(C=C1Cl)Cl)Cl,non-carcinogenic
CC(=O)NC1=C2CC3=CC=CC=C3C2=CC=C1,non-carcinogenic
[O-]P(=O)=O.[Na+],non-carcinogenic
[O-]C1=C(I)C=C(C(C2=C(C([O-])=O)C=CC=C2)=C3C=C(C(C(I)=C3O4)=O)I)C4=C1I.[Na+].[Na+],non-carcinogenic
O=P(OC2=CC=C(C)C=C2)(OC3=CC=C(C)C=C3)OC1=CC=C(C)C=C1,non-carcinogenic
CC1=C(C=CC(=C1)O)O,non-carcinogenic
[Sn+2].[Cl-].[Cl-],non-carcinogenic
BrC1=C(OC2=C(Br)C(Br)=C(Br)C(Br)=C2Br)C(Br)=C(Br)C(Br)=C1Br,non-carcinogenic
CCN(CC)CCOC1=CC=C(C=C1)[C](O)(CC2=CC=C(OC)C=C2)C3=CC=CC=C3,non-carcinogenic
ClC1=C(C=CC(=C1)Cl)O,non-carcinogenic
ClCl,non-carcinogenic
O=C1c2c(O)cc(C)cc2C(=O)c3cc(O)cc(O)c13,non-carcinogenic
O=S(=O)([O-])[O-].O.[Mn+2],non-carcinogenic
O=S(=O)(C1=C(C=CC=C1)/C(=C2\C=C/C(=[N+](/CC3=CC(=CC=C3)S(=O)(=O)[O-])CC)C=C2)C4=CC=C(C=C4)N(CC5=CC(=CC=C5)S(=O)(=O)[O-])CC)[O-].[Na+].[Na+],non-carcinogenic
CN(C=O)C,non-carcinogenic
O=S(=O)([O-])[O-].[V+2]=O,non-carcinogenic
[O-]C([C@H]([C@H](O)CO)O1)=C(O)C1=O.[Na+],non-carcinogenic
OC(=O)C=CC=CC,non-carcinogenic
Cl.N#Cc1ccc(cc1)C3CCCc2cncn23,non-carcinogenic
O=S(\N=C(NCCSCC2=CC=C(CNC)O2)/NCC(C1=CC=C(O)C=C1)O)(C)=O,non-carcinogenic
C([N+](C)(C)C)CCl.[Cl-],non-carcinogenic
O=NN(CCC1)C(C1)C(=O)O,non-carcinogenic
C(CC([O-])=O)(CC(O)=O)(C([O-])=O)O.[N+].[N+],non-carcinogenic
Cl,non-carcinogenic
[Na+].[As](=O)[O-],non-carcinogenic
Cl.CC(C)(C)NCC(O)CO/C1=C/N(C)C(=O)c2ccccc12,non-carcinogenic
C([S-])#N.[Na+],non-carcinogenic
C([N+](C)(C)C)CO.[Cl-],non-carcinogenic
C1=CC=C(NC(=O)C(/N=N/C2=C(Cl)C=C(C3=CC(Cl)=C(/N=N/C(C(=O)NC4=CC=CC=C4)C(=O)C)C=C3)C=C2)C(=O)C)C=C1,non-carcinogenic
O[C@@H]8[C@@H](O)[C@@H]1O[C@H](CO)[C@H]8O[C@H]7O[C@H](CO)[C@@H](O[C@H]6O[C@H](CO)[C@@H](O[C@H]5O[C@H](CO)[C@@H](O[C@H]4O[C@H](CO)[C@@H](O[C@H]3O[C@H](CO)[C@@H](O[C@H]2O[C@H](CO)[C@@H](O1)[C@H](O)[C@H]2O)[C@H](O)[C@H]3O)[C@H](O)[C@H]4O)[C@H](O)[C@H]5O)[C,non-carcinogenic
O=S(=O)([O-])[O-].O=S(=O)([O-])[O-].[Al+3].[K+],non-carcinogenic
ClCCN(CCCl)C1=CC=C(CC(OC3=CC=C(C4=C3)[C@]2([H])[C@](CC4)([H])[C@@](CC[C@@H]5OC(CC6=CC=C(N(CCCl)CCCl)C=C6)=O)([H])[C@]5(C)CC2)=O)C=C1,non-carcinogenic
NC1=C(C=CC(=C1)NC(=O)C)OCC,non-carcinogenic
Br/C(Br)=C/[C@H]3[C@@H](C(=O)O[C@H](C#N)c2cccc(Oc1ccccc1)c2)C3(C)C,non-carcinogenic
O=NN1CCC[C@H]1[C@@](O)=O,non-carcinogenic
BrC1=C(Br)C(Br)=CC(C2=CC=C(Br)C(Br)=C2Br)=C1,non-carcinogenic
C12=CC(=CC(=C1C3=C(C(O2)=O)C(CC3)=O)OC)OC,non-carcinogenic
CC=NO,non-carcinogenic
NC1=CC=C(C=C1)Cl,non-carcinogenic
C=C(Cl)C=C,non-carcinogenic
.[Cl-].[Fe+3].[Cl-].[Cl-],non-carcinogenic
O=C(C(C1=CC=CC=C1)CC)NC(=O)N,non-carcinogenic
O=C(O[C@@H]1[C@@](O[C@@H](O[C@H](COC(C)=O)[C@H]2OC(C(C)C)=O)[C@H](OC(C(C)C)=O)[C@H]2OC(C(C)C)=O)(COC(C)=O)O[C@H](COC(C(C)C)=O)[C@H]1OC(C(C)C)=O)C(C)C,non-carcinogenic
O=C(O)CC[C@@H](C)[C@]3([H])[C@](CC2)(C)[C@](CC3)([H])[C@@](CC4)([H])[C@@]2([H])[C@]1(C)[C@@]4([H])C[C@H](O)CC1,non-carcinogenic
OC(CO)CCl,non-carcinogenic
CC1(C(=O)N(C)C(=O)O1)C,non-carcinogenic
O=C(O)\C=C/C(O)=O.O=C(NC3CC(N4C)CCC4C3)C1=C2C(CC(C)(C)O2)=CC(Cl)=C1,non-carcinogenic
O=C(O)[C@H](CS)N.Cl,non-carcinogenic
C[N+](CCCCCCCCCCCC)(C)[O-],non-carcinogenic
O=C(CC1=CC=C(C=C1)OC(=O)C2=CC=C(C=C2)NC(=N)N)OCC(=O)N(C)C.O=S(=O)(C)O,non-carcinogenic
C\1=C/C(O[C@@H](C/C=C/C=C/C=C/C=C/[C@@H](C[C@@H]3O[C@](C[C@H](C[C@H]2O[C@H]/12)O)(C[C@@H]([C@H]3C(O)=O)O)O)O[C@@H]4O[C@@H]([C@H]([C@@H]([C@@H]4O)N)O)C)C)=O,non-carcinogenic
O=[C@](O[C@H](O[C@H](CO)[C@H]1O)[C@H](O)[C@H]1O)[C@@]5(C)[C@](CC3)([H])[C@](CCC5)(C)[C@@](CC4)([H])[C@@](C2)3C[C@]4(O[C@H]6[C@H](O[C@H]7[C@H](O)[C@@H](O)[C@H](O)[C@@H](CO)O7)[C@@H](O)[C@H](O)[C@@H](CO)O6)[C@@]2=C,non-carcinogenic
S=C(S[Te](SC(=S)N(CC)CC)(SC(=S)N(CC)CC)SC(=S)N(CC)CC)N(CC)CC,non-carcinogenic
ClC(=CCl)Cl,non-carcinogenic
O=CCCCC=O,non-carcinogenic
O=C(O[C@@H]2C[C@@H](CC3)N(C)[C@H]3C2)C(CO)C1=CC=CC=C1,non-carcinogenic
O\C1=C(/OCC(=O)CCCCCCCCCCCC)[C@H](OC1=O)[C@@H](O)CO,non-carcinogenic
[Na+].C1(=CC=C2C(=C1S([O-])(=O)=O)C=CC=C2)/N=N/C3=C(C=CC4=C3C=CC=C4)O,non-carcinogenic
ClC(C(=O)O)(Cl)Cl,non-carcinogenic
C1(=C(/C=C/C2=C(S(=O)(=O)[O-])C=C(C=C2)N)C=CC(=C1)N)S(=O)(=O)[O-].[Na+].[Na+],non-carcinogenic
C=C(F)F,non-carcinogenic
C=C/C=N/O,non-carcinogenic
N(CC(=O)[O-])CC(=O)O.[Na+],non-carcinogenic
NS(C1=C(Cl)C=C(NCC2=CC=CO2)C(C(O)=O)=C1)(=O)=O,non-carcinogenic
O=CC=C(CCC=C(C)C)C,non-carcinogenic
ClC(C(C1=CC=C(C=C1)CC)C2=CC=C(C=C2)CC)Cl,non-carcinogenic
FC(Cl)(Cl)Cl,non-carcinogenic
O=C(NN)OC,non-carcinogenic
N(C(=O)N)(N=O)CC(C)=O,non-carcinogenic
CCCCCN(N=O)C(=N)N[N+]([O-])=O,non-carcinogenic
O=C(NCO)C=C,non-carcinogenic
NC(=S)NN,non-carcinogenic
O=C(NC1=CC=CC(=C1)Cl)OC(C)C,non-carcinogenic
O=C(N[C@@H]([C@H](OC([C@@H]5[C@@H](C)C)=O)C)C(N[C@H]([C@@H](C)CC)C(N4CCC[C@@](C(N(C)CC(N5C)=O)=O)4[H])=O)=O)C(C(C(OC2=C(C)C=C3)=C(C)C1=O)=NC2=C3C(N[C@@H]([C@H](OC([C@@H]7[C@H](C)C)=O)C)C(N[C@H](C(C)C)C(N6CCC[C@@](C(N(C)CC(N7C)=O)=O)6[H])=O)=O)=O)=C1N,non-carcinogenic
O=C(N)NC(C(CC)CC)=O,non-carcinogenic
O=C(NC1=CC=CC(=C1)C(F)(F)F)N(C)C,non-carcinogenic
O[C@@H]([C@H](O)[C@H](O)CO)[C@H](O)CO,non-carcinogenic
Cl.O=C(c2cn(C)c1ccccc12)[C@H]3CC=4N\C=N/C=4CC3,non-carcinogenic
ClC(Br)Br,non-carcinogenic
O=C1C2=C(C=CC=C2)C(=O)O1,non-carcinogenic
ClC2(Cl)C1(Cl)C(=C)C(CCl)(CCl)C2(Cl)C(Cl)C1Cl,non-carcinogenic
S=C=NCC1=CC=CC=C1,non-carcinogenic
CC1(C(=C(CCC1)C)C=CC(=CC=CC(=CCOC(=O)CCCCCCCCCCCCCCC)C)C)C,non-carcinogenic
C(O)(=O)[O-].[Na+],non-carcinogenic
C1N2CN3CN(C2)CN1C3,non-carcinogenic
CCC1(C2=C(C3=C(C(=CC=C3)CC)N2)CCO1)CC(=O)O,non-carcinogenic
OC(C(C=CC=C1)=C1S(N2C)(=O)=O)=C2C(NC3=NC=C(C)S3)=O,non-carcinogenic
CC1=C(C(=CC(=C1)OC(=O)NC)C)N(C)C,non-carcinogenic
O=C1CCCCC1,non-carcinogenic
NC1=NC(C(C2=CC=CC=C2)O1)=O.O[Mg]O,non-carcinogenic
C(CCC(=O)O)([O-])=O.[Na+],non-carcinogenic
O=C1CCCCCN1,non-carcinogenic
O=S(=O)([O-])[O-].O.O.O.O.O.O.[Ni+2],non-carcinogenic
O=C1C2=C(N=CN2C)N(C(=O)N1C)C,non-carcinogenic
c12[C@H]([C@@H](C(=O)NNCC)[C@@H]([C@H](c1cc3c(c2)OCO3)O)CO)c4cc(c(c(c4)OC)OC)OC,non-carcinogenic
C1=C(Cl)C=C3C(=C1)N(CCO)C(=O)C(O)N=C3C2=CC=CC=C2F,non-carcinogenic
CC1=C(C(=C(C2=C1OC(CCCC(CCCC(CCCC(C)C)C)C)(C)CC2)C)O)C,non-carcinogenic
C[C@H](C\C=C\C)[C@@H](O)[C@@H]1N(C)C(=O)[C@H](C(C)C)N(C)C(=O)[C@H](CC(C)C)N(C)C(=O)[C@H](CC(C)C)N(C)C(=O)[C@@H](C)NC(=O)[C@H](C)NC(=O)[C@H](CC(C)C)N(C)C(=O)[C@@H](NC(=O)[C@H](CC(C)C)N(C)C(=O)CN(C)C(=O)[C@H](CC)NC1=O)C(C)C,non-carcinogenic
N1C(=NC(=C2C=CC=CC=12)N(CCO)CCO)C3=CC=CS3,non-carcinogenic
O=C1C(=CNC(=O)N1)F,non-carcinogenic
ClC(=C(C1=CC=C(C=C1)Cl)C2=CC=C(C=C2)Cl)Cl,non-carcinogenic
C[Hg]Cl,non-carcinogenic
ClC(C(Cl)Cl)Cl,non-carcinogenic
CC1(C2=CC=CC=C2)C(O1)C(=O)OCC,non-carcinogenic
O=C/C=C/C1=CC=CC=C1,non-carcinogenic
C1(C(NCC2CCCCN2)=O)=C(C=CC(=C1)OCC(F)(F)F)OCC(F)(F)F.CC(=O)O,non-carcinogenic
O1C(=O)/C2=C(\C3=C1C=C(C=C3OC)OC)CCC2,non-carcinogenic
C[C@]12[C@@]3(C(OC4[C@@]1(C(C(=O)C(=C4)C)O)CO)[C@@H]([C@@H]2OC(=O)C)O)CO3,non-carcinogenic
O=C1C=CC(=O)NN1,non-carcinogenic
Cl\C2=C(/Cl)C3(Cl)C1C4CC(C1C2(Cl)C3(Cl)Cl)C5OC45,non-carcinogenic
Cl\C2=C(/Cl)C3(Cl)C1COS(=O)OCC1C2(Cl)C3(Cl)Cl,non-carcinogenic
C[C@@H](CC)C(=O)O[C@H]2C[C@@H](C)\C=C3\C=C/[C@H](C)[C@H](CC[C@@H]1C[C@@H](O)CC(=O)O1)[C@@H]23,non-carcinogenic
O=C1C(C2=CC=CC=C2)(C(=O)NC(=O)N1)CC,non-carcinogenic
O=C1C(C2=C(C(O)=C3C)C(O)=C(NC(\C(C)=C/C=C/[C@@H]5C)=O)C(/C=N/N4CCN(C)CC4)=C2O)=C3O[C@@](C)1O/C=C/[C@H](OC)[C@@H](C)[C@@H](OC(C)=O)[C@H](C)[C@H](O)[C@H](C)[C@H]5O,non-carcinogenic
O=C(C1=CCCN(N=O)C1)OC,non-carcinogenic
O=C1C(C2=CC=CC=C2)(C3=CC=CC=C3)NC(=O)N1,non-carcinogenic
CC(=O)OC(C1=CC=C(O1)[N+](=O)[O-])OC(=O)C,non-carcinogenic
OC2=C1[C@@](C=C(C)CC3)([H])[C@]3([H])C(C)(C)OC1=CC(CCCCC)=C2,non-carcinogenic
Oc1ccc(C[C@](C)(N)C(O)=O)cc1O.OC(=O)[C@@](C)(N)Cc1cc(O)c(O)cc1.O.O.O,non-carcinogenic
OC2=CC1=C(C(O)=C2)C(C(O[C@@H]4O[C@@H]([C@H]([C@H](O)[C@H]4O)O)CO[C@H]3[C@H](O)[C@H](O)[C@H]([C@H](C)O3)O)=C(C5=CC(O)=C(C=C5)O)O1)=O,non-carcinogenic
Oc1ccc(cc1OC)/C=C/C(=O)OCCc2ccccc2,non-carcinogenic
OC1C2=C3C(C(OC4C3=C(C=C(C=4O)O)C(=O)O2)=O)=CC=1O,non-carcinogenic
O=C(C(O)(C2=CC=CC=C2)C1CCCCC1)OC(C)(C)C#CCN(CC)CC.O.Cl,non-carcinogenic
CCC(CCCC)CO,non-carcinogenic
Clc1ccc(cc1)c2ccc(COC(C)(C)C(O)=O)cc2,non-carcinogenic
OCCN(CCO)CCO,non-carcinogenic
OCC1=CC=CC=C1,non-carcinogenic
OCC(O)CO,non-carcinogenic
O=C(C1=CC=CC=C1)OOC(=O)C2=CC=CC=C2,non-carcinogenic
C1OC1C2CO2,non-carcinogenic
S=C=NCCCCCCC1=CC=CC=C1,non-carcinogenic
OCC(=O)[C@@]4(O)[C@H](C)C[C@@H]1[C@]4(C)C[C@H](O)[C@]2(F)[C@@]3(C)/C=C\C(=O)/C=C3/CC[C@@H]12,non-carcinogenic
O=C1N2C(C3=C(C=CC=C3)CC2)CN(C1)C(=O)C4CCCCC4,non-carcinogenic
CN(N=O)C1=CC=C(C=C1)[N+]([O-])=O,non-carcinogenic
CC3=CC=C(C=C3)\C(C2=CC=CC=N2)=C/CN1CCCC1.O.Cl,non-carcinogenic
[Na+].CN(C)c1ccc(/N=N/S([O-])(=O)=O)cc1,non-carcinogenic
C(C1=CC=C(O)C=C1)(C)(C)C,non-carcinogenic
C=CC=O,non-carcinogenic
NC(=O)CI,non-carcinogenic
OC1=C(C=CC(=C1)O)CCCCCC,non-carcinogenic
CCCC(Cl)CCC(Cl)CCC(Cl)CCC(Cl)CCC(Cl)CCC(Cl)CCC(Cl)C,non-carcinogenic
OC(=O)C=C,non-carcinogenic
OC1=C(C=CC(=C1)CC(C(=O)O)N)O,non-carcinogenic
C1(C)(C)C(=O)NC(=O)NC1=O,non-carcinogenic
ClC1=CC(C2=CC(Cl)=CC(Cl)=C2)=CC(Cl)=C1,non-carcinogenic
[Na+].[N-]=[N+]=[N-],non-carcinogenic
[Na+].[O-]C(=O)[C@@H](N)CC(O)=O,non-carcinogenic
OC1=CC=CC2=CC=CN=C12,non-carcinogenic
[Na+].[F-],non-carcinogenic
O=C1C2=C(C=C(C=C2O)O)OC(=C1O)C3=CC=C(C=C3)O,non-carcinogenic
[Na+].[O-]S(=O)(=O)c4ccc(c1c3cc(C)c(cc3[o+]c2cc(c(C)cc12)N(CC)CC)N(CC)CC)c(c4)S([O-])(=O)=O,non-carcinogenic
OC1=CC(=CC=C1O)CCN.[H]Cl,non-carcinogenic
CC1=C(SSC1=S)C2=CN=CC=N2,non-carcinogenic
OC1=CC(C2=NC(N(C(C)C)C3=C2C=CC(C)=C3)=O)=CC=C1,non-carcinogenic
C(NC)CC(OC1=CC=C(C=C1)C(F)(F)F)C2=CC=CC=C2.[H]Cl,non-carcinogenic
O=C(/C=C\C(=O)OCC)OCC,non-carcinogenic
CC1=CC=CC(C=C)=C1,non-carcinogenic
S=C1NC=NC2=C1N=CN2,non-carcinogenic
O=C(CC(/C=C/C2=CC=C(O)C(OC)=C2)=O)/C=C/C1=CC=C(O)C(OC)=C1,non-carcinogenic
O=C(OC)C1=C(C)NC(C)=C(C(OCCC3=CC=C(N4CCN(C(C6=CC=CC=C6)C5=CC=CC=C5)CC4)C=C3)=O)C1C2=CC([N+]([O-])=O)=CC=C2.Cl.Cl,non-carcinogenic
S=C(NC1CCCCC1)NC1CCCCC1,non-carcinogenic
ClC1=C(C(=C(C(=C1Cl)Cl)Cl)Cl)C(=C(Cl)Cl)Cl,non-carcinogenic
C(S(=O)(=O)[O-])CS.[Na+],non-carcinogenic
CCCC[Sn](O[Sn](CCCC)(CCCC)CCCC)(CCCC)CCCC,non-carcinogenic
CC(=O)[O-].[O-]C(=O)C.[O-]C(=O)C.[Cr+3],non-carcinogenic
S=P(SC1C(SP(=S)(OCC)OCC)OCCO1)(OCC)OCC,non-carcinogenic
O=C(O)Cc1ccc(cc1)NC(C)=O,non-carcinogenic
S1C=CC(=C1)CN(C2=NC=CC=C2)CCN(C)C,non-carcinogenic
S=P(SCC(=O)NC)(OC)OC,non-carcinogenic
S=P(OC1=NC(=C(C=C1Cl)Cl)Cl)(OCC)OCC,non-carcinogenic
O=C1N(C2=CC=CC=C2)N=C(C1)C,non-carcinogenic
.[Na+].[Cl-],non-carcinogenic
S=P(OC1=CC=C(C=C1)[N+](=O)[O-])(OCC)OCC,non-carcinogenic
.[K+].[Cl-],non-carcinogenic
CC2(C)CCCC(\C)=C2\C=C\C(\C)=C\C=C\C(\C)=C\C=C\C=C(/C)\C=C\C=C(/C)\C=C\C1=C(/C)CCCC1(C)C,non-carcinogenic
[Cl-].OC[P+](CO)(CO)CO,non-carcinogenic
P,non-carcinogenic
[Cl-].[Ba+2].[Cl-].O.O,non-carcinogenic
O[As](O)(C)=O,non-carcinogenic
CC(CCl)OC(C)CCl,non-carcinogenic
OCCNC1=C(OCCO)C=C([N+]([O-])=O)C=C1,non-carcinogenic
OCCOCCOC1=CC=C(CCCCCCCCC)C=C1,non-carcinogenic
Cl.Cl.[O-][N+](=O)c1cccc(c1)C/2C(\C(=O)OC)=C(\C)NC(\C)=C\2C(=O)OCCN3CCN(CC3)C(c4ccccc4)c5ccccc5,non-carcinogenic
S=C(NC)NC,non-carcinogenic
[Ca+2].[N-2]C#N,non-carcinogenic
S=C(N(C)C)SSC(=S)N(C)C,non-carcinogenic
CC1=CC=CC(C)=C1,non-carcinogenic
S=C(N(CC)CC)SSC(=S)N(CC)CC,non-carcinogenic
O=S(=O)(C1=CC=C(C=C1)C(=O)O)N(CCC)CCC,non-carcinogenic
[Cd+2].[Cl-].[Cl-].[H]O[H],non-carcinogenic
O=C(OCC)C4=C(C=CC=C4)C(C(C=C(C)C(NCC)=C3)=C3O1)=C(C=C2C)C1=C/C2=N/CC.Cl,non-carcinogenic
[Cd+2].[Cd+2].[Cd+2].[O-]S(=O)(=O)[O-].[O-]S([O-])(=O)=O.[O-]S([O-])(=O)=O.O.O.O.O.O.O.O.O,non-carcinogenic
S=C([S-])NCCNC([S-])=S.[Zn+2],non-carcinogenic
O=C(N1)N(C2OCCC2)C=C(F)C1=O,non-carcinogenic
OC(=O)[C@]3(C)C[C@H]4/C5=C/C(=O)[C@H]2[C@@](C)(CC[C@@H]1[C@]2(C)CC[C@H](O)C1(C)C)[C@]5(C)CC[C@@]4(C)CC3,non-carcinogenic
CC(C1=CC(=C(C=C1O)C)SC2=CC(=C(C=C2C)O)C(C)(C)C)(C)C,non-carcinogenic
[O-][N+](C1=CC([N+]([O-])=O)=CC([N+]([O-])=O)=C1)=O,non-carcinogenic
CCCCCCCN,non-carcinogenic
CC(CNCC(C)O)O,non-carcinogenic
O=S(C1=CC=C(C(C)CCCCCCCCCC)C=C1)([O-])=O.[Na+],non-carcinogenic
CCCCCl,non-carcinogenic
O1C2=C(C=CC=C2)OC3=CC=CC=C13,non-carcinogenic
[O-][N+](C)(C)CCCCCCCCCC,non-carcinogenic
OC(=O)CC[N+](=O)[O-],non-carcinogenic
CC(=O)O[Sn](OC(=O)C)(CCCC)CCCC,non-carcinogenic
OC(=O)CCCC\C=C(\c1cccnc1)c2ccccc2,non-carcinogenic
OC(=O)CCC(=O)OCC2(CCCC)C(=O)N(c1ccccc1)N(C2=O)c3ccccc3,non-carcinogenic
OC(=O)C1=CC=CC=C1,non-carcinogenic
OC(=O)C1=NN(C2=C1C=CC=C2)CC3=CC=C(C=C3Cl)Cl,non-carcinogenic
C1(=CC=C2C(=C1)S([N-]C2=O)(=O)=O).C3(=CC=C4C(=C3)S([N-]C4=O)(=O)=O).[Ca+2],non-carcinogenic
O.O.O.O.NC(=O)[C@@H]3CCCN3C(=O)[C@@H](NC(=O)[C@@H]1CC(=O)N(C)C(=O)N1)C\C2=C\N=C/N2,non-carcinogenic
C1(C2=CC=CC=C2)=CC(=C(C=C1)N)O,non-carcinogenic
CN(C)[C@@H]2/C=C\CC[C@@]2(c1ccccc1)C(=O)OCC.OC(=O)\C=C\C(O)=O,non-carcinogenic
O=S(=O)(C1=CC=C(C=C1)Cl)NC(=O)NCCC,non-carcinogenic
NC(=O)C1=NC=CN=C1,non-carcinogenic
O=[N+](C1=CC2=CC=CN=C2C=C1)[O-],non-carcinogenic
O=S(=O)(C1=CC=C(C=C1)C)NC(=O)NN2CCCCCC2,non-carcinogenic
O=S(=O)(C1=CC=C(C=C1)C(=O)C)NC(=O)NC2CCCCC2,non-carcinogenic
CCCl,non-carcinogenic
O=S(=O)(C1=CC=C(C=C1)C)NC(=O)NCCCC,non-carcinogenic
ClC4=C(C=CC=C4)C2=NC(C)C1=NN=C(C)N1C3=C2C=C(CCC5=CC=C(CC(C)C)C=C5)S3,non-carcinogenic
[O-][N+](C1=CC=CC(C2C(C(OC3CN(C(C5=CC=CC=C5)C4=CC=CC=C4)C3)=O)=C(NC(C)=C2C(OC(C)C)=O)N)=C1)=O,non-carcinogenic
O[C@H]1[C@@H](NC(CO)CO)C[C@](O)(CO)[C@@H](O)[C@@H]1O,non-carcinogenic
O=S1(=O)C2=C(C=C(C(=C2)S(=O)(=O)N)Cl)NCN1,non-carcinogenic
[O]N=O,non-carcinogenic
ClC1=C(C=C(C=C1)[N+](=O)[O-])[N+](=O)[O-],non-carcinogenic
[O-][N+](/C=C/C1=CC=CC=C1)=O,non-carcinogenic
NC(=O)NCCCC,non-carcinogenic
N#CSCC1=CC=CC=C1,non-carcinogenic
O=S(O)(O)=O.C1(=CC=CC=C1CC(N)C).C2=CC=CC=C2CC(N)C,non-carcinogenic
CCCCOCCO,non-carcinogenic
OC1=C(C(=O)NC2=NC=CC=C2)N(S(=O)(=O)C3=C1C=CC=C3)C,non-carcinogenic
OC1=CC=CC=C1,non-carcinogenic
C1=CC=C(C=N1)N(N=O)C,non-carcinogenic
C13CC(C4C3O4)C2C1C5C(O5)C2,non-carcinogenic
Nc(c(ccc1)C)c1C,non-carcinogenic
CCCCC/C=C\C/C=C\CCCCCCCC(OC)=O,non-carcinogenic
C1(C2=C(C=CC=C2)N)(=CC=CC=C1).[H]Cl,non-carcinogenic
CC=C,non-carcinogenic
OC=1[C@H](OC(=O)C=1O)[C@@H](O)CO,non-carcinogenic
OC[P+](CO)(CO)CO.[O-]S([O-])(=O)=O.OC[P+](CO)(CO)CO,non-carcinogenic
N1C(=NC2=C1C=CC=C2)C3=CSC=N3,non-carcinogenic
O.[Na+].O.O.CCN(CC)C([S-])=S,non-carcinogenic
OC1=C(C=C(C=C1C(C)(C)C)C(C)(C)C)C(C)(C)C,non-carcinogenic
OC1=C(C=C(C=C1C(C)(C)C)CO)C(C)(C)C,non-carcinogenic
OC1=C(C=C(C=C1C(C)(C)C)C)CC2=CC(=CC(=C2O)C(C)(C)C)C,non-carcinogenic
CC1=CC2=CC=CN=C2C=C1,non-carcinogenic
O=CC1CO1,non-carcinogenic
OC1=C(C=C(C(=C1CC2=C(C(=CC(=C2Cl)Cl)Cl)O)Cl)Cl)Cl,non-carcinogenic
OC1=C(C=C(C=C1)Cl)CC2=CC=CC=C2,non-carcinogenic
N1(CSCSC1)N=O,non-carcinogenic
OC(C)C,non-carcinogenic
NC1(=CC=C(C=C1)NC2=CC=CC=C2).[H]Cl,non-carcinogenic
[O-][N+](=O)CCCC,non-carcinogenic
OC1(=C(O)C(=O)O[C@H]1[C@@H](C[O-])O).[Na+],non-carcinogenic
O=C(C3=CC=C6C2=C34)C1=CC=CC=C1C4=CC=C2C(C5=CC=CC=C56)=O,non-carcinogenic
OC(=O)CCl,non-carcinogenic
OC(=O)CCCCCN,non-carcinogenic
CC(Cl)Cl,non-carcinogenic
CCCCCC(/C=C/C=C\CCCCCCCC(=O)OC)OO,non-carcinogenic
CC1=CC=CC2=CC=CN=C12,non-carcinogenic
O=C(O)[C@@H](N)CC1=CNC2=C1C=CC=C2,non-carcinogenic
S=C=NCCCC1=CC=CC=C1,non-carcinogenic
OC(COC1=CC=CC2=C1C=CC=C2)CNC(C)C.[H]Cl,non-carcinogenic
OC(COC(C)(C)C)C,non-carcinogenic
[O-][N+](=O)C1=CC=CC(=C1)NC(=O)C2=CC3=CC=CC=C3C(=C2O)/N=N/C4=CC(=CC=C4OC)[N+]([O-])=O,non-carcinogenic
CCCCCC,non-carcinogenic
OC(C1=CC=C(C=C1)Cl)(C2=CC=C(C=C2)Cl)C(=O)OCC,non-carcinogenic
OC(CC(C1)C)C(C1)C(C)C,non-carcinogenic
OC(CC(=O)O)(CC(=O)O)C(=O)O,non-carcinogenic
[O-][N+](OCC(CO[N+]([O-])=O)(CO[N+]([O-])=O)CO[N+]([O-])=O)=O,non-carcinogenic
Cl[O-].[Na+],non-carcinogenic
CC(Cl)CCl,non-carcinogenic
NC(=O)NC1=CC=C(C=C1)C,non-carcinogenic
C1=CC=CC(=C1)C(C(C2=CC=CC=C2)=O)O,non-carcinogenic
NC(=O)CCCCC(=O)N,non-carcinogenic
ClC1=CC(Cl)=C(/N=N/C(C(=O)NC2=C(C=C(C3=CC(C)=C(NC(=O)C(/N=N/C4=C(Cl)C=C(Cl)C=C4)C(=O)C)C=C3)C=C2)C)C(=O)C)C=C1,non-carcinogenic
CC(Cl)(Cl)Cl,non-carcinogenic
NC(=O)CCCCC,non-carcinogenic
O=NN(/C(=N\C#N)NCCSCC1=C(N=CN1)C)C,non-carcinogenic
NC(=S)NNC=O,non-carcinogenic
NC(=S)NC1=CC=CC=C1,non-carcinogenic
O[C@@]2([C@](OC)=O)[C@@]1([H])[C@]([C@](N6CC=C5)([H])[C@]5(CC)[C@H]2OC(C)=O)(CC6)C3=C(C=C(OC)[C@]([C@@]([C@@](OC)=O)(C[C@@H]8CN(C[C@](O)(CC)C8)CC7)C4=C7C(C=CC=C9)=C9N4)=C3)N1C,non-carcinogenic
NC(=S)NNC(=S)N,non-carcinogenic
O=C(NCCCN(CC)CC)CN1N=CC(C3=CC=CC=C3)=C1C2=CC=CC=C2.O=C(O)/C([H])=C([H])/C(O)=O,non-carcinogenic
NC(=S)C1=CC(=NC=C1)CC,non-carcinogenic
C1=CC=C5C(=C1)N(CC2=CC=C(F)C=C2)C(NC4CCN(CCC3=CC=C(OC)C=C3)CC4)=N5,non-carcinogenic
NC(=O)NN=CC1=CC=CO1,non-carcinogenic
C1(=CC=CC=C1)C(=O)[O-].[Na+],non-carcinogenic
O=C1C2=C(C=CC=C2)N=NN1CSP(=S)(OC)OC,non-carcinogenic
OC1=CC(=CC2=C1C(=O)O[C@H](CCCC(=O)CCC/C=C\2)C)O,non-carcinogenic
N12([C@@H]([C@@H](C1=O)NC(COC3=CC=CC=C3)=O)SC([C@@H]2C(=O)[O-])(C)C).[K+],non-carcinogenic
CC1=CC(NC2=C1C=C(C=C2)OCC)(C)C,non-carcinogenic
O=C1[C@](C(O)=C2[C@@]3([H])[C@@](O)(C)C4=C(C(O)=CC=C4)C2=O)(O)[C@]([C@H]3O)([H])[C@H](N(C)C)C(O)=C1C(N)=O.Cl,non-carcinogenic
C1(=C(C(=C(C(=C1N)F)N)F)F)F.[H]Cl.[H]Cl,non-carcinogenic
OC1=C(C=C(C=C1)CC=C)OC,non-carcinogenic
FC(F)Cl,non-carcinogenic
C1(=C(C=CC(=C1)Cl)N)C.[H]Cl,non-carcinogenic
C12=C(C(=O)NS1(=O)=O)C=CC=C2,non-carcinogenic
NC(=O)C1=C(C=CC=C1)C(=O)N,non-carcinogenic
CN(CCC2)[C@@H]2[C@]1=CN=CC=C1,non-carcinogenic
C[C@@H]3O[C@]1(CS3)C2CCN(CC2)C1.C[C@@H]6O[C@]4(CS6)C5CCN(CC5)C4.O.Cl.Cl,non-carcinogenic
CN(C)C(C)=O,non-carcinogenic
NC(=N)NC#N,non-carcinogenic
O=P(OC)(OC)OC,non-carcinogenic
ClCC1=CC=CC=C1,non-carcinogenic
C12(C(=C(/N=N/C3=C(C4=C(C(=C3)S(=O)(=O)[O-])C=CC=C4)O)C=CC=1S(=O)(=O)[O-])C=CC=C2).[Na+].[Na+],non-carcinogenic
O=C1CCCO1,non-carcinogenic
ClCC/C(C2=CC=CC=C2)=C(C3=CC=CC=C3)/C1=CC=C(C=C1)OCCN(C)C.OC(C(O)=O)(CC(O)=O)CC(O)=O,non-carcinogenic
O1C2C1CCC(C2)C1CO1,non-carcinogenic
S=P(OC1=NC(=NC(=C1)C)C(C)C)(OCC)OCC,non-carcinogenic
Clc3cc(Cl)cnc3Oc1ccc(cc1)Oc2ncc(Cl)cc2Cl,non-carcinogenic
C1=C2C(=CC=C1NC3=CC=CC=C3)C=CC=C2,non-carcinogenic
NC1=CC(=CC=C1C)Cl,non-carcinogenic
NC1=C2C(=NC(=N1)N)N=C(C(=N2)C3=CC=CC=C3)N,non-carcinogenic
NC1=C(C=CC=C1)C(=O)O,non-carcinogenic
OC(C(SC(Cl)=C1)=C1S(N2C)(=O)=O)=C2C(NC3=NC=CC=C3)=O,non-carcinogenic
C1=CC(=CC(=C1OCC)[N+]([O-])=O)NC(=O)C,non-carcinogenic
CC#N,non-carcinogenic
C1(=CC(=C(C(=C1C)C)O)C)OCCCCCC,non-carcinogenic
C1=C(C=CC(=C1)C(C2=CC=C(N)C(=C2)C)=C3C=CC(=N)C=C3)N.[H]Cl,non-carcinogenic
C1=C(C=CC=C1N)C.[H]Cl,non-carcinogenic
ClC(F)C(F)(F)F,non-carcinogenic
C(=O)([O-])/C1=C/C(=O)NC(N1)=O.[Na+],non-carcinogenic
OC(CNC(C)C)C1=CC=C(NS(=O)(C)=O)C=C1.[H]Cl,non-carcinogenic
C1=C(Cl)C=C3C(=C1)N4C(CN=C3C2=CC=CC=C2)=NN=C4,non-carcinogenic
ClC1=C(C=CC(=C1)N)C,non-carcinogenic
NC1=CC=C(C=C1)N,non-carcinogenic
ClC1=C(C=CC(=C1)Cl)OCC(=O)O,non-carcinogenic
ClC1=CC(=C(C=C1SC2=CC=C(C=C2)Cl)Cl)Cl,non-carcinogenic
O=C1C(NC(=O)N1)NC(=O)N,non-carcinogenic
OC1C2=CC(=O)OC2=CCO1,non-carcinogenic
ClC1=CC(=C(C=C1C2=C(C=C(C(=C2)Cl)N)Cl)Cl)N,non-carcinogenic
NC(CCCN)(C(=O)O)C(F)F,non-carcinogenic
CC(=O)OCC1=CC=CC=C1,non-carcinogenic
NC(C(=O)O)CCSC,non-carcinogenic
NC(CC1=CNC2=C1C=CC=C2)C(=O)O,non-carcinogenic
O=C2C1=C(CCC2)C(OC[C@@H](O)CNC(C)(C)C)=CC=C1.Cl,non-carcinogenic
ClC1=C(C=CC=C1)Cl,non-carcinogenic
C1=CC(=CC=N1)N(N=O)C,non-carcinogenic
C[N+](CCC(C1=CC=C(C=C1)Cl)C2=NC=CC=C2)C.C(\C(=C(/C(=O)[O-])[H])[H])(=O)O,non-carcinogenic
CC(CN(CC(C)O)CC(C)O)O,non-carcinogenic
O=C1C2=C(C=C(C=C2O)O)O/C(=C\1O)C3=CC(=C(C=C3)O)O.O.O,non-carcinogenic
NC1=C(C=C(C=C1Cl)N)Cl,non-carcinogenic
NC1=C(C)C=C(N)C=C1.O=S(O)(O)=O,non-carcinogenic
NC1=C(C(=NC(=N1)N)CC)C2=CC=C(C=C2)Cl,non-carcinogenic
OC(=O)C1=CC(=C(C(=C1)O)O)O,non-carcinogenic
ClC1=C(Cl)C=CC([C@H]2C3=C(C=CC=C3)[C@@H](NC)CC2)=C1.Cl,non-carcinogenic
O[C@@]12[C@]3([H])C(O[C@@](C[C@]5(CC[C@H](C)[C@]([C@@H](C)CC)([H])O5)O4)([H])C[C@@]4([H])C/C=C(C)/[C@@H](O[C@]6([H])O[C@@H](C)[C@H](O[C@@]7([H])C[C@H](OC)[C@@H](O)[C@H](C)O7)[C@@H](OC)C6)[C@@H](C)/C=C/C=C1\CO[C@@]([H])2[C@H](O)C(C)=C3)=O,non-carcinogenic
C(N)(N)=O,non-carcinogenic
C=C(Cl)Cl,non-carcinogenic
FC(F)(Cl)Cl,non-carcinogenic
C2(=O)C(C1=CC=CC=C1)(CC)C(=O)NCN2,non-carcinogenic
C2=C(N)C=CC(S(=O)(=O)NC1ON=C(C)C=1C)=C2,non-carcinogenic
S(=O)(=O)(c1ccc(Cl)cc1)c2ccc(Cl)cc2,non-carcinogenic
CS(=O)(=O)OCCCNCCCOS(C)(=O)=O.[H]Cl,non-carcinogenic
CC(=O)[O-].[O-]C(=O)C.[Ca+2],non-carcinogenic
C1CN(CC(O1)O)N=O,non-carcinogenic
C1CNCCN1,non-carcinogenic
N1C(N(CC(C1=O)C)N=O)=O,non-carcinogenic
O=C1CC(=O)NC(=O)N1,non-carcinogenic
N(C1=CC=C(C=C1)NC2=CC=CC=C2)C3=CC=CC=C3,non-carcinogenic
CC2=C(C(C)=CC=C2)NC1=NCCCS1.Cl,non-carcinogenic
ClC2(C(Cl)3Cl)C(Cl)=C(Cl)C3(Cl)C1CC(Cl)C(Cl)C12,non-carcinogenic
.[Cl-].[Ca+2].[Cl-],non-carcinogenic
N(=NC1=CC=C(C=C1)N(CCC)CCC)C2=CC=[N+](C=C2)[O-],non-carcinogenic
IC(I)I,non-carcinogenic
CN1CCN(CC1)/C2=N/C3=CC=CC=C3SC4C=CC(C)=CC2=4,non-carcinogenic
OCCOCCOCCO,non-carcinogenic
CC(C)CN(N=O)C(=N)N[N+]([O-])=O,non-carcinogenic
O=[Mo](=O)=O,non-carcinogenic
CC(=O)[O-].[O-]C(=O)C.[Ba+2],non-carcinogenic
[O-][N+](C(N=C3)=C(SC1=NC=NC2=C1NC=N2)N3C)=O,non-carcinogenic
ClC1=NC(=NC(=N1)NC2=CC=CC=C2Cl)Cl,non-carcinogenic
CN1C2=C(C=C(C=C2)Cl)C(=NCC1=O)C3=CC=CC=C3,non-carcinogenic
CS(=O)(=O)OC1=C(C=C(C=C1C(C)(C)C)[N+]([O-])=O)[N+](=O)[O-],non-carcinogenic
COc3ccccc3N2CCN(CCCN\C1=C\C(=O)N(C)C(=O)N1C)CC2,non-carcinogenic
CN(N=O)C(=O)C1=C(C=CC=C1)C(=O)N(C)N=O,non-carcinogenic
OCC(O)CO,non-carcinogenic
OCC(=O)[C@@]2(O)CC[C@H]3[C@@H]4CC\C1=C\C(=O)CC[C@]1(C)[C@H]4[C@@H](O)C[C@]23C,non-carcinogenic
Cl.O=P1(OCC(C)(C)CO1)C\4=C(/C)NC(/C)=C(/C(=O)OCCN(Cc2ccccc2)c3ccccc3)C/4c5cccc(c5)[N+]([O-])=O.CCO,non-carcinogenic
CBr,non-carcinogenic
CC(=C)C#N,non-carcinogenic
ClC1=C(Cl)N=C(C(O)=O)C(Cl)=C1N,non-carcinogenic
CC([N+](=O)[O-])C,non-carcinogenic
CC(C)NCC(O)COC1(=CC=C(C=C1)CC(=O)N).[H]Cl,non-carcinogenic
ClC1=CC2=C(C=C1)OC3=C(C=CC(=C3)Cl)O2,non-carcinogenic
CC(=O)O[C@@H]3CC(=O)O[C@H](C)C\C=C\C=C\[C@H](O)[C@H](C)C[C@H](CC=O)[C@H](O[C@@H]2O[C@H](C)[C@@H](O[C@H]1C[C@@](C)(O)[C@H](OC(=O)CC(C)C)[C@H](C)O1)[C@H](N(C)C)[C@H]2O)C3OC,non-carcinogenic
C12C(=CC=CC=1NCCN)C=CC=C2.[H]Cl.[H]Cl,non-carcinogenic
C12=CC(=CC(=C1C3=C(C(O2)=O)CCC3=O)OC)OC,non-carcinogenic
C12C(=C(C=CC=1NC(C)=O)S(=O)(=O)[O-])C=C(C(=C2O)/N=N/C3=C4C(=C(C=C3)/N=N\C5=CC=C(C=C5)S(=O)(=O)[O-])C=CC(=C4)S(=O)(=O)[O-])S(=O)(=O)[O-].[Na+].[Na+].[Na+].[Na+],non-carcinogenic
CC(CC1=CC2=C(C=C1)OCO2)S(=O)CCCCCCCC,non-carcinogenic
N[C@@H](C\C1=C\N=C/N1)C(O)=O.Cl,non-carcinogenic
CC(C)C=O,non-carcinogenic
O=C(O)COC1=C(C)C=C(Cl)C=C1,non-carcinogenic
O=C([C@](C(C=C4OC)=C(C=C4OC)OC3)([H])[C@]3([H])O2)C(C=C5)=C2C1=C5O[C@@H]([C@@](C)=C)C1,non-carcinogenic
NC1=C2C(=NC(=N1)N)N=CC(=N2)CN(C3=CC=C(C=C3)C(=O)N[C@@H](CCC(=O)O)C(=O)O)C,non-carcinogenic
C12=C(C(NC(=N1)N)=O)N(C)C=N2,non-carcinogenic
ClC(CCl)Cl,non-carcinogenic
N1(C2C(SC3=C1C=CC=C3)=CC=CC=2)CC(N(C)C)C.[H]Cl,non-carcinogenic
N1(C2=CC=CC=C2)C(C(N(CS(=O)(=O)[O-])C)=C(N1C)C)=O.[Na+],non-carcinogenic
C1(=N\CCN/1)C(C)OC2C(=CC=CC=2Cl)Cl.[H]Cl,non-carcinogenic
S=P(OC1=CC=C(C=C1)[N+](=O)[O-])(OC)OC,non-carcinogenic
N=C(N(CCCC)N=O)N[N+](=O)[O-],non-carcinogenic
O=S(O)(O)=O.O[C@@H]([C@H](C)NC)[C@@]1=CC=CC=C1.O[C@@H]([C@H](C)NC)[C@@]2=CC=CC=C2,non-carcinogenic
N=C(N)NC,non-carcinogenic
C(C1=CC=CC=C1)(C2=CC=CC=C2)OCCN(C)C.[H]Cl,non-carcinogenic
Clc1c([N+]([O-])=O)c(Cl)c(Cl)c(OC)c1Cl,non-carcinogenic
CC(C1=C(C=CC(=C1)C)O)(C)C,non-carcinogenic
O.O=C(Nc3cccc1c3O/C(=C\C1=O)C2=N\N\N=N2)c5ccc(OCCCCc4ccccc4)cc5.O=C(Nc3cccc1c3O/C(=C\C1=O)/C=2N\N=N/N=2)c5ccc(OCCCCc4ccccc4)cc5,non-carcinogenic
C1CCCNCCC1,non-carcinogenic
O=C(N(CC(C)=O)N=O)NCCCl,non-carcinogenic
C1(=C(C=C(N)C=C1)[N+](=O)[O-])NCCO,non-carcinogenic
CCC(COC(=O)CCCCC(=O)OCC(CCCC)CC)CCCC,non-carcinogenic
OS(O)(=O)=O.OCCN(CCO)c1ccc(N)cc1,non-carcinogenic
C12C3=C(C=CC=C3)CC1=CC=CC=2NC(C)=O,non-carcinogenic
N(N(CC(F)(F)F)CC(F)(F)F)=O,non-carcinogenic
C13=C(C=CC=C3)NC2=CN=CC=C12,non-carcinogenic
O[C@H]([C@@H]2O)[C@@H](O[C@@H]2CO)N(N=CC(N)=N1)C1=O,non-carcinogenic
N(N(CC(O)=O)CC(O)=O)=O,non-carcinogenic
CCN(CC)C=O,non-carcinogenic
CC(C1=CC=C(C=C1)CC(C)C)C(=O)O,non-carcinogenic
[O-][N+]1=CC=CC=C1C=C,non-carcinogenic
OC1=C(C(=C(C(=C1Cl)Cl)Cl)Cl)Cl,non-carcinogenic
OC[C@@H](NC(C(Cl)Cl)=O)[C@H](O)C1=CC=C(S(=O)(C)=O)C=C1,non-carcinogenic
O=C(C(C1=CC=CC=C1)(C2=CC=CC=C2)CC(N(C)C)C)CC.[H]Cl,non-carcinogenic
O=C(C(C1=CC=C(C=C1)Cl)C(C)C)OC(C2=CC=CC(=C2)OC3=CC=CC=C3)C#N,non-carcinogenic
O=C(C(Cl)Cl)N[C@H](CO)[C@@H](C1=CC=C([N+]([O-])=O)C=C1)O,non-carcinogenic
C1(=CC(=C(O)C=C1)O)C(O)=O,non-carcinogenic
C1(=CC(=C2C(=C1)N=CC=C2)Br)Br,non-carcinogenic
O=C(C(=NOC(=O)NC)SC)N(C)C,non-carcinogenic
C(/C1=C(C=C(C=C1)O)S(=O)(=O)[O-])(C2=CC=C(C=C2)N(CC3=CC(=CC=C3)S(=O)(=O)[O-])CC)=C4/C=C/C(C=C4)=[N+](\CC5=CC(=CC=C5)S(=O)(=O)[O-])CC.[Na+].[Na+],non-carcinogenic
O=C(C4=CC(OC)=C(C(OC)=C4)OC)O[C@@H]1C[C@@]3([H])[C@@](C[C@](N5C3)([H])C2=C(CC5)C(C=CC=C6)=C6N2)([H])[C@H]([C@](OC)=O)[C@H]1OC,non-carcinogenic
O=P(OCC(CCCC)CC)(OCC(CCCC)CC)OCC(CCCC)CC,non-carcinogenic
O1C(=CC=C1[N+](=O)[O-])/C(=N/O)N,non-carcinogenic
O=C(C)NCCSP(=S)(OC)OC,non-carcinogenic
COC1=C(C(=CC2=C1C3=CC=C(OC)C(=O)C=C3[C@@H](NC)CC2)OC)OC,non-carcinogenic
CC(C)(O)[C@H](O)CC[C@@H](C)[C@H]1CC[C@H]2C(\CCC[C@]12C)=C\C=C3\C[C@@H](O)CCC3=C,non-carcinogenic
[Cd+2].[O-]C(C)=O.[O-]C(C)=O,non-carcinogenic
O=[N+](C1=CC2=C(C=C1)NC=N2)[O-],non-carcinogenic
[H][C@@]12[C@]([H])(NC([C@H](N)C3=CC=CC=C3)=O)C(N1[C@@H]([C@@](O)=O)C(C)(C)S2)=O.O.O.O,non-carcinogenic
OC1=CC(=CC=C1)O,non-carcinogenic
C1(=C2/C(C3=CC(S(=O)(=O)[O-])=CC=C3N2)=O)/C(C4=CC(S(=O)(=O)[O-])=CC=C4N1)=O.[Na+].[Na+],non-carcinogenic
O=C(C(SP(=S)(OC)OC)CC(=O)OCC)OCC,non-carcinogenic
C(C(C)O)(O[Ca]OC(C(C)O)=O)=O,non-carcinogenic
O=[N+](CC)[O-],non-carcinogenic
O=[O+1][O-1],non-carcinogenic
ClC1(=C(C=CC(=C1)CC2=CC(=C(C=C2)N)Cl)N).[H]Cl.[H]Cl,non-carcinogenic
OC(C)CCl,non-carcinogenic
C1(=CC(=C(C(=C1)N)C)N).[H]Cl.[H]Cl,non-carcinogenic
O=C([O-])C(C(/C(CC([O-])=O)=C([C@@H](CCC([O-])=O)[C@@H]5C)\N=C5/C=C4\[N-]\C(C(C=C)=C4C)=C3)=N2)=C(C)/C2=C/C1=C(CC)C(C)=C/3[N-]1.[Na+].[Na+].[Na+].[Cu+2],non-carcinogenic
O=[W](=O)([O-])[O-].[Na+].[Na+],non-carcinogenic
C1(=C(C=CC=C1N)N).[H]Cl.[H]Cl,non-carcinogenic
O=C(C(=C)C)OC,non-carcinogenic
C1(=CC(=CC=C1N)N).[H]Cl.[H]Cl,non-carcinogenic
O=C([O-])C(NN1C2=CC=C(S(=O)([O-])=O)C=C2)=C(/N=N/C3=CC=C(S(=O)([O-])=O)C=C3)C1=O.[Na+].[Na+].[Na+],non-carcinogenic
OC(CNC(C)C)COC1=CC=CC=C1OCC=C.Cl,non-carcinogenic
O=C(/C=C/C6=CC=C(O)C(OC)=C6)O[C@@H]4C(C)(C)[C@@]5([H])[C@]1(CC4)[C@]3([C@](CC5)([H])[C@]2(C)CC[C@@]([C@H](C)CC/C=C(C)\C)([H])[C@](C)2CC3)C1,non-carcinogenic
C1(=CC(=CC=C1N)OC)OC.[H]Cl,non-carcinogenic
ClC1=CC=C2C(=C1)C(=NC(O)C(=O)N2)C3=CC=CC=C3,non-carcinogenic
O=C2NC(=O)CCN2[C@@H]1O[C@H](CO)[C@@H](O)[C@H]1O,non-carcinogenic
O=C([C@H](CO)[C@]2=CC=CC=C2)O[C@@H]1C[C@H](N4C)[C@@H](O3)[C@@H]3[C@@H]4C1.Br.O.O.O,non-carcinogenic
O=C([C@H](CC1=CC=CC=C1)NC(=O)[C@H](CC(=O)O)N)OC,non-carcinogenic
CC(C)(CO)CCCCCCC(C)(C)CO,non-carcinogenic
ClC(CCl)(Cl)Cl,non-carcinogenic
CC1(C(=C(CCC1)C)C=CC(=CC=CC(=CC(=O)O)C)C)C,non-carcinogenic
ClC(C(O)O)(Cl)Cl,non-carcinogenic
C1([C@H](CNC)O)(=CC(=CC=C1)O).[H]Cl,non-carcinogenic
O=C(OC)C1=C(C)NC(C)=C(C(OCC(C)(C)CN(CC3=CC=CC=C3)C)=O)C1C2=CC([N+]([O-])=O)=CC=C2F.Cl,non-carcinogenic
CN(C)N,non-carcinogenic
O=C(C1=CC=CC=C1)CCl,non-carcinogenic
O=C(CC(CCCCCCCCCCCCCCC)=O)CCCCCCCCCCCCCCC,non-carcinogenic
O=C(CC(C3=C2C=CC(F)=C3)=C(C)/C2=C/C1=CC=C(S(=O)(C)=O)C=C1)O,non-carcinogenic
ClC(C(C1=CC=C(C=C1)Cl)C2=CC=C(C=C2)Cl)Cl,non-carcinogenic
ClC1=C(C=CC=C1)[N+](=O)[O-],non-carcinogenic
O=C(C=C)C1=CC=C2C(OCO2)=C1,non-carcinogenic
ClC(C(C1=CC=C(C=C1)OC)C2=CC=C(C=C2)OC)(Cl)Cl,non-carcinogenic
ClC(C(Cl)(Cl)C43Cl)(C(Cl)=C4Cl)C1C3C2C=CC1C2,non-carcinogenic
C=CCO,non-carcinogenic
ClC(C(Cl)Cl)(Cl)Cl,non-carcinogenic
CC(=O)O[C@H]\1CC[C@H]4C(=C/1)/CC[C@@H]2[C@@H]4CC[C@]3(C)[C@@](CC[C@@H]23)(C#C)OC(C)=O,non-carcinogenic
C=CCOCC1CO1,non-carcinogenic
OCCN.O=C(C1=C(C=CC(=C1)Cl)O)NC2=CC=C(C=C2Cl)[N+](=O)[O-],non-carcinogenic
O=C(C1=CC=C(C=C1)C(=O)OC)OC,non-carcinogenic
O=C(C1=CC(=CC=C1O)/N=N/C2=CC=C(C=C2)C(=O)O)O,non-carcinogenic
O=C(C1=CC=CC(=C1)C(C(=O)O)C)C2=CC=CC=C2,non-carcinogenic
ClC1=CC=CC=C1C=C(C#N)C#N,non-carcinogenic
O=C(C1=CC(=C(C(=C1)O)O)O)OCCC,non-carcinogenic
C1(=C(C=CC(=C1)N(CCO)CCO)NCCO)[N+]([O-])=O,non-carcinogenic
C1(=C(C=CC(=C1)NC(N(CC)CC)=O)OCC(CNC(C)(C)C)O)C(C)=O,non-carcinogenic
CC1CC(OC(O1)C)OC(=O)C,non-carcinogenic
ClC6C4(Cl)C3C1C5C(C3C2OC12)C4(Cl)C(Cl)(Cl)C56Cl,non-carcinogenic
[Be+2].O=S(=O)([O-])[O-],non-carcinogenic
O=C(C(C)=C2C)C(C(CCCCCC(O)=O)C1=CC=CC=C1)=C(C)C2=O,non-carcinogenic
OC(C(Cl)(Cl)Cl)P(=O)(OC)OC,non-carcinogenic
O=C(CC(/C=C/C2=CC=C(O)C(OC)=C2)=O)/C=C/C1=CC=C(O)C(OC)=C1,non-carcinogenic
C1(=C(C)C2OC(CCC=2C(=C1OC(=O)C)C)(CCCC(CCCC(CCCC(C)C)C)C)C)C,non-carcinogenic
O=C(C2=CC=CC=C2)S\C(CCOC(C3=CC=CC=C3)=O)=C(C)/N(C=O)CC1=CN=C(C)N=C1N.Cl,non-carcinogenic
C1(=C(C=CC(=C1)CCNC)OC(C(C)C)=O)OC(C(C)C)=O.[H]Cl,non-carcinogenic
C([O-])(=O)CN(CC(=O)O)CCN(CC([O-])=O)CC([O-])=O.[Na+].[Na+].[Na+].[H]O[H].[H]O[H].[H]O[H],non-carcinogenic
BrC(C(=O)NC(=O)N)(CC)CC,non-carcinogenic
OC(C1=CC=C(C=C1)Cl)(C2=CC=C(C=C2)Cl)C(Cl)(Cl)Cl,non-carcinogenic
O.[Zn+2].O.[O-]C(C)=O.[O-]C(C)=O,non-carcinogenic
OC1=C(C=C(C=C1C(C)(C)C)C)C(C)(C)C,non-carcinogenic
O=C(C(SP(=O)(OC)OC)CC(=O)OCC)OCC,non-carcinogenic
C1(C2=CC=CC=C2)=CC(=C(C=C1)NC(=O)C)O,non-carcinogenic
CC1=C(Cl)C(=O)OC2=C1C=CC(=C2)OP(=S)(OCC)OCC,non-carcinogenic
C1(CCCCC1[N+]).O=S(=O)([O-])O,non-carcinogenic
ClC1=C(C=C(C=C1C(=O)O)Cl)N,non-carcinogenic
C1(CCCCC1)N.[H]Cl,non-carcinogenic
NNC1=NC(=CS1)C2=CC=CC=C2,non-carcinogenic
C1(C[C@H]([C@@H]([C@H]1CCCCCCC(=O)OC)/C=C/CC(O)(CCCC)C)O)=O,non-carcinogenic
O=C(CN=C2C3=CC=CC=C3)NC1=C2N(N=C1C)CC,non-carcinogenic
O[As](=O)(C1=CC=C(C=C1)NC(=O)N)O,non-carcinogenic
C1(C=CC=CN=1)CCl.Cl,non-carcinogenic
O=C(CN1C(=O)CCC1)NC2=C(C=CC=C2C)C,non-carcinogenic
O[As](=O)(C1=CC(=C(C=C1)O)[N+](=O)[O-])O,non-carcinogenic
C1(C2=CC=C(C(=C2)Cl)N=NC(C(C)=O)C(=O)NC3=C(C=C(C(=C3)OC)Cl)OC)=CC(=C(C=C1)N=NC(C(C)=O)C(=O)NC4=CC(=C(C=C4OC)Cl)OC)Cl,non-carcinogenic
ClC1=C(C=C(C(=C1)Cl)Cl)OCC(=O)O,non-carcinogenic
O(S(=O)(=O)C)CCCCOS(=O)(C)=O,non-carcinogenic
N1C(=O)C(CC)(CCC(C)C)C(=O)NC1=O,non-carcinogenic
CC(CO)O,non-carcinogenic
NC1=NC(=NC(=N1)N)C2=CC=CC=C2,non-carcinogenic
CC(=O)N[C@@H](CS)C(=O)O,non-carcinogenic
OC(OC(O)CC)CC,non-carcinogenic
C1(NS(=O)(=O)[O-])CCCCC1.[Na+],non-carcinogenic
NC1=CC=CC=C1,non-carcinogenic
O=C(C)OC/C=C(C)/CC/C=C(C)/C,non-carcinogenic
CC(C)NCC(O)COc1ccc(cc1)NC(C)=O,non-carcinogenic
C1(OCC=C)=CC=C(CC(=O)O)C=C1Cl,non-carcinogenic
CCN(CC)C(=O)C1=CC=CC(C)=C1,non-carcinogenic
C1(CCNC(NC(N)=N)=N)=CC=CC=C1.[H]Cl,non-carcinogenic
C1CCNCC1,non-carcinogenic
NCCS(O)(=O)=O,non-carcinogenic
C1(CCN=C=S)=CC=CC=C1,non-carcinogenic
C1(CSCCNC(NC)=NC#N)=C(C)NC=N1,non-carcinogenic
O=[Cr]O[Cr]=O,non-carcinogenic
c1(n(cnc1)C)C[C@@H]2[C@@H](C(=O)OC2)CC,non-carcinogenic
Nc1cc(Cl)c(N)cc1.OS(O)(=O)=O,non-carcinogenic
Cl\C2=C(/Cl)C3(Cl)C1C4CC(C1C2(Cl)C3(Cl)Cl)C5OC45,non-carcinogenic
S=C(S[Pb]SC(N(C)C)=S)N(C)C,non-carcinogenic
O=[N+](C1=C(C(=CC(=C1)C(F)(F)F)[N+](=O)[O-])N(CCC)CCC)[O-],non-carcinogenic
N=C\2/N=C3/O[C@H]1[C@H](O)[C@@H](CO)O[C@H]1N3/C=C/2,non-carcinogenic
O=[N+](C1=CC(=C(C=C1)C(=O)O)N)[O-],non-carcinogenic
O=[N+](C1=C2C(=CC=C1)C=CC=C2)[O-],non-carcinogenic
ClC1/C=C\C2C1C3(Cl)C(/Cl)=C(/Cl)C2(Cl)C3(Cl)Cl,non-carcinogenic
C1(C(=CC=C(C=1)C)N)C.[H]Cl,non-carcinogenic
ClC1=C(C(=C(C(=C1Cl)Cl)Cl)Cl)[N+](=O)[O-],non-carcinogenic
O=NN1CN(C2)CN(N=O)CN2C1,non-carcinogenic
CC1=C(C=C(C=C1)[N+](=O)[O-])[N+](=O)[O-],non-carcinogenic
C1(=CC=C(N)C=C1)C.[H]Cl,non-carcinogenic
NC(=S)C(=S)N,non-carcinogenic
O=[N+](C1=CC=C(C=C1)N)[O-],non-carcinogenic
O=C(C1=C(C=CC=C1)C(=O)OCC=C)OCC=C,non-carcinogenic
ClC1(C(=C(C(=C1Cl)Cl)Cl)Cl)Cl,non-carcinogenic
O=[N+](C1=CC=C(C=C1)Cl)[O-],non-carcinogenic
O=S(C1=CC=C2C(C=CC(O)=C2\N=N/C3=CC=C(S(=O)([O-])=O)C=C3)=C1)([O-])=O.[Na+].[Na+],non-carcinogenic
O=[N+](C1=CC(=C(C=C1)N)N)[O-],non-carcinogenic
NC1=C(C=C(C=C1)N)[N+](=O)[O-],non-carcinogenic
ClCC(=O)C1=CC=C(NC(=O)C)C=C1,non-carcinogenic
ClC(=C(C1=CC=C(C=C1)OC)C2=CC=C(C=C2)OC)C3=CC=C(C=C3)OC,non-carcinogenic
[Na+].O=C([O-])[C@@H](N)CCC(O)=O,non-carcinogenic
O=S1(=O)CC=CC1,non-carcinogenic
O[C@H]([C@H](O)CNCCCl)[C@H](O)[C@H](O)CNCCCl,non-carcinogenic
[Ti+2](C1=CC=CC1)C2(=CC=CC2).[Cl-].[Cl-],non-carcinogenic
O[C@@H](CO)[C@@H](O1)C(OCC)=C(O)C1=O,non-carcinogenic
OC(=O)[C@@H](N)CSCC,non-carcinogenic
CC(OC(=O)OC1CCCCC1)OC(=O)c5cccc6nc(OCC)n(Cc2ccc(cc2)c3ccccc3C\4=N\N=N/N/4)c56,non-carcinogenic
O[C@@H]1C2[C@@]34C5=C(C=CC(=C5O2)OC)CC(C3C=C1)N(C)CC4,non-carcinogenic
NC1=NC(N)=NC(C2=CC(Cl)=CC=C2Cl)=N1.O=C(O)/C=C\C(O)=O,non-carcinogenic
C/C=C/C1=CC=C(C=C1)OC,non-carcinogenic
O=[C@]([C@@H]1C[C@@H](O)CN1N=O)O,non-carcinogenic
C(C(F)(Cl)Cl)(F)(F)Cl,non-carcinogenic
C1(C(COCCOC(=O)CCCCCCCC=CCCCCCCCC)OCCO)OC(OCCO)CC1OCCO,non-carcinogenic
O=[Bi]Cl,non-carcinogenic
O=C(O[C@H](CC)[C@](O)(C)[C@H](O)[C@@H](C)C2=O)[C@H](C)[C@@H](O[C@H]3C[C@](OC)(C)[C@@H](O)[C@H](C)O3)[C@H](C)[C@H]([C@@](O)(C)C[C@H]2C)O[C@H]1[C@H](O)[C@@H]([N@H+](C)C)C[C@@H](C)O1.[O-]C(CCCCCCCCCCCCCCCCC)=O,non-carcinogenic
O[Sn](C1=CC=CC=C1)(C2=CC=CC=C2)C3=CC=CC=C3,non-carcinogenic
O=[As](O)(O)[O-].[Na+],non-carcinogenic
CC(C=NOC(=O)NC)(SC)C,non-carcinogenic
